latitudine;longitudine;gravita_calcolata;gravita_opendata;media;differenza
44.666054429152695;10.30829538431358;0.0;0.0;0.0;0.0
44.666054429152695;10.314600276601151;0.0;0.0;0.0;0.0
44.67055385474577;10.295691940856468;0.0;0.0;0.0;0.0
44.67055385474577;10.30199732092235;0.0;0.0;0.0;0.0
44.67055385474577;10.308302700988232;0.0;0.0;0.0;0.0
44.67055385474577;10.314608081054114;0.0;0.0;0.0;0.0
44.675053276779224;10.295698283459611;0.0;0.0;0.0;0.0
44.675053276779224;10.302004151418043;0.0;0.0;0.0;0.0
44.675053276779224;10.308310019376474;0.0;0.0;0.0;0.0
44.675053276779224;10.314615887334906;0.0;2.0;1.0;2.0
44.675053276779224;10.320921755293337;0.0;1.0;0.5;1.0
44.679552695253065;10.295704627548258;0.0;0.0;0.0;0.0
44.679552695253065;10.302010983513508;0.0;2.0;1.0;2.0
44.679552695253065;10.308317339478759;3.5;8.5;6.0;5.0
44.679552695253065;10.31462369544401;0.0;0.0;0.0;0.0
44.679552695253065;10.32093005140926;0.0;0.0;0.0;0.0
44.679552695253065;10.32723640737451;0.0;0.0;0.0;0.0
44.68405211016727;10.295710973122869;0.0;0.0;0.0;0.0
44.68405211016727;10.302017817209244;0.0;0.0;0.0;0.0
44.68405211016727;10.308324661295618;0.0;0.0;0.0;0.0
44.68405211016727;10.314631505381993;0.0;0.5;0.25;0.5
44.68405211016727;10.320938349468367;0.0;0.0;0.0;0.0
44.68405211016727;10.327245193554742;0.0;0.0;0.0;0.0
44.68855152152186;10.295717320183838;0.0;0.0;0.0;0.0
44.68855152152186;10.302024652505672;0.0;0.0;0.0;0.0
44.68855152152186;10.308331984827506;0.0;0.0;0.0;0.0
44.68855152152186;10.31463931714934;0.0;0.0;0.0;0.0
44.68855152152186;10.320946649471173;0.0;0.0;0.0;0.0
44.68855152152186;10.327253981793007;0.0;0.0;0.0;0.0
44.68855152152186;10.33356131411484;0.0;0.0;0.0;0.0
44.69305092931682;10.295723668731604;0.0;0.5;0.25;0.5
44.69305092931682;10.302031489403266;0.0;0.0;0.0;0.0
44.69305092931682;10.308339310074928;0.0;0.0;0.0;0.0
44.69305092931682;10.31464713074659;0.0;0.0;0.0;0.0
44.69305092931682;10.320954951418251;0.0;0.0;0.0;0.0
44.69305092931682;10.327262772089913;0.0;0.0;0.0;0.0
44.69305092931682;10.333570592761575;0.0;0.0;0.0;0.0
44.69755033355215;10.295730018766582;0.0;1.0;0.5;1.0
44.69755033355215;10.302038327902473;0.0;0.0;0.0;0.0
44.69755033355215;10.308346637038364;0.0;1.0;0.5;1.0
44.69755033355215;10.314654946174254;0.0;0.0;0.0;0.0
44.69755033355215;10.320963255310145;0.0;0.0;0.0;0.0
44.69755033355215;10.327271564446036;0.0;0.0;0.0;0.0
44.69755033355215;10.333579873581927;0.0;0.0;0.0;0.0
44.70204973422785;10.302045168003765;0.0;0.0;0.0;0.0
44.70204973422785;10.30835396571832;0.0;0.0;0.0;0.0
44.70204973422785;10.314662763432874;0.0;0.0;0.0;0.0
44.70204973422785;10.320971561147429;0.0;0.0;0.0;0.0
44.70204973422785;10.327280358861984;0.0;0.0;0.0;0.0
44.70204973422785;10.333589156576538;0.0;0.0;0.0;0.0
44.70654913134391;10.2894334368922;0.0;0.0;0.0;0.0
44.70654913134391;10.295742723299883;0.0;0.0;0.0;0.0
44.70654913134391;10.302052009707566;0.0;1.0;0.5;1.0
44.70654913134391;10.30836129611525;0.0;0.0;0.0;0.0
44.70654913134391;10.314670582522933;0.0;0.0;0.0;0.0
44.70654913134391;10.320979868930616;0.0;0.0;0.0;0.0
44.70654913134391;10.327289155338299;0.0;0.0;0.0;0.0
44.70654913134391;10.333598441745982;0.0;0.0;0.0;0.0
44.70654913134391;10.371454160192082;0.0;1.0;0.5;1.0
44.71104852490034;10.270509976937795;0.0;0.0;0.0;0.0
44.71104852490034;10.276819752153106;0.0;0.0;0.0;0.0
44.71104852490034;10.283129527368416;0.0;0.0;0.0;0.0
44.71104852490034;10.289439302583727;0.0;0.0;0.0;0.0
44.71104852490034;10.295749077799037;0.0;0.0;0.0;0.0
44.71104852490034;10.302058853014348;0.0;0.0;0.0;0.0
44.71104852490034;10.308368628229658;0.0;0.0;0.0;0.0
44.71104852490034;10.314678403444969;0.0;0.0;0.0;0.0
44.71104852490034;10.32098817866028;0.0;0.0;0.0;0.0
44.71104852490034;10.32729795387559;0.0;0.0;0.0;0.0
44.71104852490034;10.3336077290909;0.0;0.0;0.0;0.0
44.71104852490034;10.358846829952142;0.0;0.0;0.0;0.0
44.71104852490034;10.365156605167453;0.0;0.0;0.0;0.0
44.71104852490034;10.371466380382763;0.0;0.0;0.0;0.0
44.71554791489713;10.251583584824822;0.0;0.0;0.0;0.0
44.71554791489713;10.257893848962292;0.0;0.0;0.0;0.0
44.71554791489713;10.264204113099762;0.0;0.0;0.0;0.0
44.71554791489713;10.270514377237232;0.0;0.5;0.25;0.5
44.71554791489713;10.276824641374702;0.0;0.0;0.0;0.0
44.71554791489713;10.283134905512172;0.0;0.0;0.0;0.0
44.71554791489713;10.289445169649643;0.0;0.0;0.0;0.0
44.71554791489713;10.295755433787113;0.0;0.0;0.0;0.0
44.71554791489713;10.302065697924583;0.0;2.0;1.0;2.0
44.71554791489713;10.308375962062053;0.0;0.0;0.0;0.0
44.71554791489713;10.314686226199523;0.0;0.0;0.0;0.0
44.71554791489713;10.320996490336993;0.0;0.0;0.0;0.0
44.71554791489713;10.327306754474463;0.0;3.0;1.5;3.0
44.71554791489713;10.333617018611934;0.0;0.0;0.0;0.0
44.71554791489713;10.339927282749404;0.0;0.0;0.0;0.0
44.71554791489713;10.346237546886874;0.0;0.0;0.0;0.0
44.71554791489713;10.352547811024344;0.0;0.0;0.0;0.0
44.71554791489713;10.358858075161814;0.0;2.0;1.0;2.0
44.71554791489713;10.365168339299284;0.0;0.0;0.0;0.0
44.71554791489713;10.371478603436755;0.0;0.0;0.0;0.0
44.71554791489713;10.377788867574225;0.0;0.0;0.0;0.0
44.720047301334276;10.23896501269677;0.0;0.0;0.0;0.0
44.720047301334276;10.245275765870963;0.0;0.0;0.0;0.0
44.720047301334276;10.251586519045155;0.0;0.0;0.0;0.0
44.720047301334276;10.257897272219347;0.0;0.0;0.0;0.0
44.720047301334276;10.26420802539354;0.0;0.0;0.0;0.0
44.720047301334276;10.270518778567732;0.0;0.0;0.0;0.0
44.720047301334276;10.276829531741924;0.0;0.0;0.0;0.0
44.720047301334276;10.283140284916117;0.0;0.0;0.0;0.0
44.720047301334276;10.28945103809031;0.0;0.0;0.0;0.0
44.720047301334276;10.295761791264502;0.0;0.0;0.0;0.0
44.720047301334276;10.302072544438694;0.0;7.5;3.75;7.5
44.720047301334276;10.308383297612886;3.0;0.0;1.5;-3.0
44.720047301334276;10.314694050787079;0.0;0.0;0.0;0.0
44.720047301334276;10.321004803961271;0.0;0.0;0.0;0.0
44.720047301334276;10.327315557135464;1.0;0.0;0.5;-1.0
44.720047301334276;10.333626310309656;0.0;0.0;0.0;0.0
44.720047301334276;10.339937063483848;0.0;0.0;0.0;0.0
44.720047301334276;10.34624781665804;0.0;0.0;0.0;0.0
44.720047301334276;10.352558569832233;0.0;0.0;0.0;0.0
44.720047301334276;10.358869323006425;0.0;20.0;10.0;20.0
44.720047301334276;10.365180076180618;0.0;0.0;0.0;0.0
44.720047301334276;10.37149082935481;0.5;4.5;2.5;4.0
44.720047301334276;10.377801582529003;0.0;0.0;0.0;0.0
44.72454668421178;10.245278211627555;0.0;0.0;0.0;0.0
44.72454668421178;10.251589453953066;0.0;0.5;0.25;0.5
44.72454668421178;10.257900696278577;0.0;0.0;0.0;0.0
44.72454668421178;10.264211938604088;0.0;0.0;0.0;0.0
44.72454668421178;10.2705231809296;0.0;0.0;0.0;0.0
44.72454668421178;10.27683442325511;0.0;3.5;1.75;3.5
44.72454668421178;10.283145665580621;0.0;0.0;0.0;0.0
44.72454668421178;10.289456907906132;0.0;0.0;0.0;0.0
44.72454668421178;10.295768150231643;0.0;2.0;1.0;2.0
44.72454668421178;10.302079392557154;0.0;0.5;0.25;0.5
44.72454668421178;10.308390634882665;0.0;4.0;2.0;4.0
44.72454668421178;10.314701877208176;0.0;0.0;0.0;0.0
44.72454668421178;10.321013119533687;0.0;0.0;0.0;0.0
44.72454668421178;10.327324361859198;0.0;0.0;0.0;0.0
44.72454668421178;10.333635604184709;0.0;0.0;0.0;0.0
44.72454668421178;10.33994684651022;0.0;0.0;0.0;0.0
44.72454668421178;10.34625808883573;0.0;0.0;0.0;0.0
44.72454668421178;10.352569331161241;0.0;2.0;1.0;2.0
44.72454668421178;10.358880573486752;0.0;0.5;0.25;0.5
44.72454668421178;10.365191815812263;0.0;0.0;0.0;0.0
44.72454668421178;10.371503058137774;0.0;0.5;0.25;0.5
44.72454668421178;10.377814300463285;0.0;0.0;0.0;0.0
44.72904606352966;10.245280657957299;0.0;0.0;0.0;0.0
44.72904606352966;10.251592389548758;0.0;2.5;1.25;2.5
44.72904606352966;10.257904121140218;0.0;0.0;0.0;0.0
44.72904606352966;10.264215852731677;0.0;0.0;0.0;0.0
44.72904606352966;10.270527584323137;0.0;0.0;0.0;0.0
44.72904606352966;10.276839315914597;0.0;0.0;0.0;0.0
44.72904606352966;10.283151047506056;0.0;0.0;0.0;0.0
44.72904606352966;10.289462779097516;0.0;1.0;0.5;1.0
44.72904606352966;10.295774510688975;0.0;0.0;0.0;0.0
44.72904606352966;10.302086242280435;0.0;0.0;0.0;0.0
44.72904606352966;10.308397973871894;0.0;3.0;1.5;3.0
44.72904606352966;10.314709705463354;0.0;0.0;0.0;0.0
44.72904606352966;10.321021437054814;0.0;0.0;0.0;0.0
44.72904606352966;10.327333168646273;0.0;0.0;0.0;0.0
44.72904606352966;10.333644900237733;0.0;0.0;0.0;0.0
44.72904606352966;10.339956631829192;0.0;0.0;0.0;0.0
44.72904606352966;10.346268363420652;0.0;0.0;0.0;0.0
44.72904606352966;10.352580095012112;13.0;1.0;7.0;-12.0
44.72904606352966;10.358891826603571;0.0;0.0;0.0;0.0
44.72904606352966;10.36520355819503;0.0;0.0;0.0;0.0
44.72904606352966;10.37151528978649;0.0;0.5;0.25;0.5
44.72904606352966;10.37782702137795;0.0;1.0;0.5;1.0
44.72904606352966;10.38413875296941;0.0;0.0;0.0;0.0
44.73354543928787;10.251595325832422;0.0;0.0;0.0;0.0
44.73354543928787;10.257907546804493;0.0;0.0;0.0;0.0
44.73354543928787;10.264219767776563;0.0;0.5;0.25;0.5
44.73354543928787;10.270531988748633;0.0;0.0;0.0;0.0
44.73354543928787;10.276844209720704;0.0;0.0;0.0;0.0
44.73354543928787;10.283156430692774;0.0;0.0;0.0;0.0
44.73354543928787;10.289468651664844;0.0;0.0;0.0;0.0
44.73354543928787;10.295780872636914;0.0;0.0;0.0;0.0
44.73354543928787;10.302093093608985;0.0;0.0;0.0;0.0
44.73354543928787;10.308405314581055;0.0;3.5;1.75;3.5
44.73354543928787;10.314717535553125;0.0;0.0;0.0;0.0
44.73354543928787;10.321029756525196;0.0;0.0;0.0;0.0
44.73354543928787;10.327341977497266;0.0;0.0;0.0;0.0
44.73354543928787;10.333654198469336;0.0;0.0;0.0;0.0
44.73354543928787;10.339966419441406;0.0;0.0;0.0;0.0
44.73354543928787;10.346278640413477;0.0;0.0;0.0;0.0
44.73354543928787;10.352590861385547;0.0;2.0;1.0;2.0
44.73354543928787;10.358903082357617;0.0;0.0;0.0;0.0
44.73354543928787;10.365215303329688;1.0;0.0;0.5;-1.0
44.73354543928787;10.371527524301758;1.0;7.5;4.25;6.5
44.73354543928787;10.377839745273828;0.0;0.0;0.0;0.0
44.73354543928787;10.384151966245899;0.0;0.0;0.0;0.0
44.73804481148644;10.257910973271626;0.0;0.0;0.0;0.0
44.73804481148644;10.264223683739;0.0;0.0;0.0;0.0
44.73804481148644;10.270536394206376;0.0;0.0;0.0;0.0
44.73804481148644;10.276849104673751;0.0;0.0;0.0;0.0
44.73804481148644;10.283161815141126;0.0;0.0;0.0;0.0
44.73804481148644;10.289474525608501;0.0;0.0;0.0;0.0
44.73804481148644;10.295787236075876;0.0;0.0;0.0;0.0
44.73804481148644;10.302099946543251;0.0;0.0;0.0;0.0
44.73804481148644;10.308412657010626;0.0;2.0;1.0;2.0
44.73804481148644;10.314725367478001;0.0;2.5;1.25;2.5
44.73804481148644;10.321038077945376;0.0;0.0;0.0;0.0
44.73804481148644;10.327350788412751;0.0;0.0;0.0;0.0
44.73804481148644;10.333663498880126;0.0;0.0;0.0;0.0
44.73804481148644;10.339976209347501;0.0;0.0;0.0;0.0
44.73804481148644;10.346288919814876;0.0;0.0;0.0;0.0
44.73804481148644;10.352601630282251;0.0;1.0;0.5;1.0
44.73804481148644;10.358914340749626;0.0;2.0;1.0;2.0
44.73804481148644;10.365227051217001;0.0;0.0;0.0;0.0
44.73804481148644;10.371539761684376;0.0;1.0;0.5;1.0
44.73804481148644;10.377852472151751;0.0;0.0;0.0;0.0
44.73804481148644;10.384165182619126;0.0;0.0;0.0;0.0
44.74254418012536;10.264227600619247;0.0;0.0;0.0;0.0
44.74254418012536;10.270540800696653;0.0;0.0;0.0;0.0
44.74254418012536;10.276854000774058;3.0;0.0;1.5;-3.0
44.74254418012536;10.283167200851464;0.0;1.0;0.5;1.0
44.74254418012536;10.28948040092887;0.0;0.0;0.0;0.0
44.74254418012536;10.295793601006276;0.0;0.0;0.0;0.0
44.74254418012536;10.302106801083681;0.0;0.0;0.0;0.0
44.74254418012536;10.308420001161087;0.0;0.0;0.0;0.0
44.74254418012536;10.314733201238493;0.0;11.0;5.5;11.0
44.74254418012536;10.321046401315899;0.0;0.0;0.0;0.0
44.74254418012536;10.327359601393304;0.0;0.0;0.0;0.0
44.74254418012536;10.33367280147071;0.0;2.0;1.0;2.0
44.74254418012536;10.339986001548116;0.0;0.0;0.0;0.0
44.74254418012536;10.346299201625522;0.0;0.0;0.0;0.0
44.74254418012536;10.352612401702928;0.0;1.0;0.5;1.0
44.74254418012536;10.358925601780333;0.0;0.5;0.25;0.5
44.74254418012536;10.365238801857739;0.0;2.0;1.0;2.0
44.74254418012536;10.371552001935145;0.0;0.0;0.0;0.0
44.74254418012536;10.37786520201255;0.0;0.0;0.0;0.0
44.74254418012536;10.384178402089956;0.0;0.0;0.0;0.0
44.74254418012536;10.390491602167362;0.0;0.0;0.0;0.0
44.74254418012536;10.396804802244768;0.0;0.0;0.0;0.0
44.74254418012536;10.403118002322174;0.0;0.0;0.0;0.0
44.74254418012536;10.40943120239958;0.0;0.0;0.0;0.0
44.74254418012536;10.415744402476985;0.0;0.0;0.0;0.0
44.74254418012536;10.422057602554391;0.0;0.0;0.0;0.0
44.747043545204626;10.264231518417585;0.0;0.0;0.0;0.0
44.747043545204626;10.270545208219783;0.0;1.0;0.5;1.0
44.747043545204626;10.276858898021981;0.0;1.0;0.5;1.0
44.747043545204626;10.283172587824179;0.0;1.0;0.5;1.0
44.747043545204626;10.289486277626377;0.0;0.0;0.0;0.0
44.747043545204626;10.295799967428575;0.0;0.0;0.0;0.0
44.747043545204626;10.302113657230773;0.0;0.0;0.0;0.0
44.747043545204626;10.308427347032971;0.0;0.0;0.0;0.0
44.747043545204626;10.31474103683517;0.0;0.0;0.0;0.0
44.747043545204626;10.321054726637367;0.0;0.0;0.0;0.0
44.747043545204626;10.327368416439565;0.0;0.0;0.0;0.0
44.747043545204626;10.333682106241763;4.0;1.0;2.5;-3.0
44.747043545204626;10.339995796043961;0.0;0.5;0.25;0.5
44.747043545204626;10.34630948584616;0.0;8.0;4.0;8.0
44.747043545204626;10.352623175648358;0.0;0.0;0.0;0.0
44.747043545204626;10.358936865450556;2.0;9.0;5.5;7.0
44.747043545204626;10.365250555252754;0.0;3.0;1.5;3.0
44.747043545204626;10.371564245054952;2.0;4.0;3.0;2.0
44.747043545204626;10.37787793485715;0.0;0.5;0.25;0.5
44.747043545204626;10.384191624659348;0.0;0.0;0.0;0.0
44.747043545204626;10.390505314461546;0.0;0.0;0.0;0.0
44.747043545204626;10.396819004263744;0.0;0.0;0.0;0.0
44.747043545204626;10.403132694065942;0.0;0.0;0.0;0.0
44.747043545204626;10.40944638386814;0.0;0.0;0.0;0.0
44.747043545204626;10.415760073670338;0.0;0.0;0.0;0.0
44.747043545204626;10.422073763472536;0.0;0.0;0.0;0.0
44.747043545204626;10.428387453274734;0.0;0.0;0.0;0.0
44.75154290672425;10.270549616776039;0.0;0.0;0.0;0.0
44.75154290672425;10.276863796417821;0.0;0.0;0.0;0.0
44.75154290672425;10.283177976059603;0.0;2.0;1.0;2.0
44.75154290672425;10.289492155701385;0.0;0.0;0.0;0.0
44.75154290672425;10.295806335343167;0.0;0.0;0.0;0.0
44.75154290672425;10.30212051498495;0.0;0.0;0.0;0.0
44.75154290672425;10.308434694626731;0.0;0.0;0.0;0.0
44.75154290672425;10.314748874268513;0.0;3.0;1.5;3.0
44.75154290672425;10.321063053910295;3.0;0.0;1.5;-3.0
44.75154290672425;10.327377233552077;0.0;0.0;0.0;0.0
44.75154290672425;10.33369141319386;0.0;0.0;0.0;0.0
44.75154290672425;10.340005592835642;0.0;0.0;0.0;0.0
44.75154290672425;10.346319772477424;0.0;1.5;0.75;1.5
44.75154290672425;10.352633952119206;0.0;1.0;0.5;1.0
44.75154290672425;10.358948131760988;0.0;4.0;2.0;4.0
44.75154290672425;10.36526231140277;0.0;1.5;0.75;1.5
44.75154290672425;10.371576491044552;0.0;0.0;0.0;0.0
44.75154290672425;10.377890670686334;0.0;0.0;0.0;0.0
44.75154290672425;10.384204850328116;0.0;0.0;0.0;0.0
44.75154290672425;10.390519029969898;0.0;0.0;0.0;0.0
44.75154290672425;10.39683320961168;0.0;0.0;0.0;0.0
44.75154290672425;10.403147389253462;0.0;0.0;0.0;0.0
44.75154290672425;10.409461568895244;0.0;1.0;0.5;1.0
44.75154290672425;10.415775748537026;0.0;0.0;0.0;0.0
44.75154290672425;10.422089928178808;0.0;0.0;0.0;0.0
44.75154290672425;10.42840410782059;0.0;0.0;0.0;0.0
44.75604226468422;10.276868695961916;0.0;0.0;0.0;0.0
44.75604226468422;10.283183365558108;0.0;0.0;0.0;0.0
44.75604226468422;10.289498035154299;0.0;5.0;2.5;5.0
44.75604226468422;10.29581270475049;0.0;3.0;1.5;3.0
44.75604226468422;10.302127374346682;0.0;0.0;0.0;0.0
44.75604226468422;10.308442043942874;0.0;0.0;0.0;0.0
44.75604226468422;10.314756713539065;0.0;0.0;0.0;0.0
44.75604226468422;10.321071383135257;0.0;5.0;2.5;5.0
44.75604226468422;10.327386052731448;0.0;0.0;0.0;0.0
44.75604226468422;10.33370072232764;0.0;0.0;0.0;0.0
44.75604226468422;10.340015391923831;0.0;0.0;0.0;0.0
44.75604226468422;10.346330061520023;0.0;0.0;0.0;0.0
44.75604226468422;10.352644731116214;2.0;1.0;1.5;-1.0
44.75604226468422;10.358959400712406;0.0;7.5;3.75;7.5
44.75604226468422;10.365274070308597;0.0;0.0;0.0;0.0
44.75604226468422;10.371588739904789;0.0;0.0;0.0;0.0
44.75604226468422;10.37790340950098;0.0;0.0;0.0;0.0
44.75604226468422;10.384218079097172;0.0;0.0;0.0;0.0
44.75604226468422;10.390532748693364;0.0;0.0;0.0;0.0
44.75604226468422;10.396847418289555;0.0;0.0;0.0;0.0
44.75604226468422;10.403162087885747;0.0;0.0;0.0;0.0
44.75604226468422;10.409476757481938;3.0;1.5;2.25;-1.5
44.75604226468422;10.41579142707813;0.0;0.0;0.0;0.0
44.75604226468422;10.422106096674321;0.0;0.0;0.0;0.0
44.75604226468422;10.428420766270513;0.0;3.0;1.5;3.0
44.76054161908453;10.276873596654568;0.0;0.0;0.0;0.0
44.76054161908453;10.283188756320024;0.0;0.0;0.0;0.0
44.76054161908453;10.289503915985481;1.0;18.0;9.5;17.0
44.76054161908453;10.295819075650938;0.0;1.0;0.5;1.0
44.76054161908453;10.302134235316394;0.0;0.0;0.0;0.0
44.76054161908453;10.308449394981851;0.0;0.0;0.0;0.0
44.76054161908453;10.314764554647308;0.0;0.0;0.0;0.0
44.76054161908453;10.321079714312765;0.0;8.0;4.0;8.0
44.76054161908453;10.327394873978221;0.0;13.0;6.5;13.0
44.76054161908453;10.333710033643678;0.0;0.0;0.0;0.0
44.76054161908453;10.340025193309135;0.0;2.0;1.0;2.0
44.76054161908453;10.346340352974591;0.0;2.0;1.0;2.0
44.76054161908453;10.352655512640048;0.0;3.5;1.75;3.5
44.76054161908453;10.358970672305505;0.0;1.0;0.5;1.0
44.76054161908453;10.365285831970962;0.0;0.0;0.0;0.0
44.76054161908453;10.371600991636418;0.0;0.0;0.0;0.0
44.76054161908453;10.377916151301875;0.0;0.0;0.0;0.0
44.76054161908453;10.384231310967332;0.0;0.0;0.0;0.0
44.76054161908453;10.390546470632788;0.0;1.0;0.5;1.0
44.76054161908453;10.396861630298245;0.0;0.0;0.0;0.0
44.76054161908453;10.403176789963702;0.0;0.0;0.0;0.0
44.76054161908453;10.409491949629158;0.0;4.0;2.0;4.0
44.76054161908453;10.415807109294615;0.0;0.0;0.0;0.0
44.76054161908453;10.422122268960072;0.0;0.0;0.0;0.0
44.76054161908453;10.428437428625529;0.0;0.5;0.25;0.5
44.76504096992518;10.283194148345764;0.0;0.0;0.0;0.0
44.76504096992518;10.289509798195379;0.0;0.0;0.0;0.0
44.76504096992518;10.295825448044994;0.0;1.0;0.5;1.0
44.76504096992518;10.302141097894609;0.0;0.0;0.0;0.0
44.76504096992518;10.308456747744223;0.5;0.0;0.25;-0.5
44.76504096992518;10.314772397593838;0.0;2.5;1.25;2.5
44.76504096992518;10.321088047443453;1.0;41.0;21.0;40.0
44.76504096992518;10.327403697293068;0.0;6.5;3.25;6.5
44.76504096992518;10.333719347142683;0.0;2.0;1.0;2.0
44.76504096992518;10.340034996992298;0.0;0.0;0.0;0.0
44.76504096992518;10.346350646841913;0.0;2.0;1.0;2.0
44.76504096992518;10.352666296691527;0.0;41.0;20.5;41.0
44.76504096992518;10.358981946541142;0.0;0.0;0.0;0.0
44.76504096992518;10.365297596390757;0.0;0.0;0.0;0.0
44.76504096992518;10.371613246240372;0.0;0.0;0.0;0.0
44.76504096992518;10.377928896089987;0.0;0.0;0.0;0.0
44.76504096992518;10.384244545939602;0.0;0.0;0.0;0.0
44.76504096992518;10.390560195789217;0.0;0.0;0.0;0.0
44.76504096992518;10.396875845638831;0.0;0.0;0.0;0.0
44.76504096992518;10.403191495488446;0.0;0.0;0.0;0.0
44.76504096992518;10.409507145338061;0.0;0.0;0.0;0.0
44.76504096992518;10.415822795187676;0.0;2.0;1.0;2.0
44.76504096992518;10.422138445037291;0.0;0.0;0.0;0.0
44.76504096992518;10.428454094886906;0.0;1.0;0.5;1.0
44.769540317206186;10.257934981040874;0.0;0.0;0.0;0.0
44.769540317206186;10.26425112118957;4.5;0.0;2.25;-4.5
44.769540317206186;10.270567261338266;0.0;0.0;0.0;0.0
44.769540317206186;10.276883401486963;0.0;0.0;0.0;0.0
44.769540317206186;10.283199541635659;0.0;0.0;0.0;0.0
44.769540317206186;10.289515681784355;0.0;1.0;0.5;1.0
44.769540317206186;10.295831821933051;0.0;10.5;5.25;10.5
44.769540317206186;10.302147962081747;0.0;5.0;2.5;5.0
44.769540317206186;10.308464102230444;0.0;0.0;0.0;0.0
44.769540317206186;10.31478024237914;0.0;0.0;0.0;0.0
44.769540317206186;10.321096382527836;1.0;11.0;6.0;10.0
44.769540317206186;10.327412522676532;13.0;4.0;8.5;-9.0
44.769540317206186;10.333728662825228;0.0;1.0;0.5;1.0
44.769540317206186;10.340044802973924;0.0;0.0;0.0;0.0
44.769540317206186;10.34636094312262;0.0;0.0;0.0;0.0
44.769540317206186;10.352677083271317;0.0;2.0;1.0;2.0
44.769540317206186;10.358993223420013;0.0;0.0;0.0;0.0
44.769540317206186;10.36530936356871;0.0;0.0;0.0;0.0
44.769540317206186;10.371625503717405;0.0;1.0;0.5;1.0
44.769540317206186;10.377941643866102;0.0;0.0;0.0;0.0
44.769540317206186;10.384257784014798;0.0;0.0;0.0;0.0
44.769540317206186;10.390573924163494;0.0;0.0;0.0;0.0
44.769540317206186;10.39689006431219;0.0;0.0;0.0;0.0
44.769540317206186;10.403206204460886;0.0;0.0;0.0;0.0
44.769540317206186;10.409522344609583;0.0;0.0;0.0;0.0
44.769540317206186;10.415838484758279;0.0;0.5;0.25;0.5
44.769540317206186;10.422154624906975;0.0;13.0;6.5;13.0
44.769540317206186;10.428470765055671;0.0;0.0;0.0;0.0
44.77403966092753;10.232671891688199;0.0;0.0;0.0;0.0
44.77403966092753;10.238988522250931;0.0;0.0;0.0;0.0
44.77403966092753;10.245305152813664;0.0;0.0;0.0;0.0
44.77403966092753;10.251621783376397;0.0;0.0;0.0;0.0
44.77403966092753;10.25793841393913;0.0;0.0;0.0;0.0
44.77403966092753;10.264255044501862;0.0;0.0;0.0;0.0
44.77403966092753;10.270571675064595;0.0;1.5;0.75;1.5
44.77403966092753;10.276888305627327;0.0;1.0;0.5;1.0
44.77403966092753;10.28320493619006;0.0;0.0;0.0;0.0
44.77403966092753;10.289521566752793;0.0;0.0;0.0;0.0
44.77403966092753;10.295838197315526;0.0;0.0;0.0;0.0
44.77403966092753;10.302154827878258;0.0;0.0;0.0;0.0
44.77403966092753;10.30847145844099;0.0;4.5;2.25;4.5
44.77403966092753;10.314788089003724;0.0;1.0;0.5;1.0
44.77403966092753;10.321104719566456;0.0;21.5;10.75;21.5
44.77403966092753;10.327421350129189;0.0;12.0;6.0;12.0
44.77403966092753;10.333737980691922;0.0;5.5;2.75;5.5
44.77403966092753;10.340054611254654;1.0;0.0;0.5;-1.0
44.77403966092753;10.346371241817387;13.0;7.0;10.0;-6.0
44.77403966092753;10.35268787238012;0.0;9.0;4.5;9.0
44.77403966092753;10.359004502942852;1.0;2.0;1.5;1.0
44.77403966092753;10.365321133505585;0.0;2.0;1.0;2.0
44.77403966092753;10.371637764068318;0.0;2.0;1.0;2.0
44.77403966092753;10.37795439463105;0.0;0.0;0.0;0.0
44.77403966092753;10.384271025193783;0.0;0.0;0.0;0.0
44.77403966092753;10.390587655756516;0.0;0.0;0.0;0.0
44.77403966092753;10.396904286319248;0.0;0.0;0.0;0.0
44.77403966092753;10.403220916881981;0.0;5.5;2.75;5.5
44.77403966092753;10.409537547444714;13.0;6.0;9.5;-7.0
44.77403966092753;10.415854178007447;3.0;41.0;22.0;38.0
44.77403966092753;10.42217080857018;0.0;0.0;0.0;0.0
44.77403966092753;10.428487439132912;0.0;0.0;0.0;0.0
44.77853900108922;10.238990484367033;0.0;0.0;0.0;0.0
44.77853900108922;10.245307605458791;0.0;0.0;0.0;0.0
44.77853900108922;10.25162472655055;0.0;0.0;0.0;0.0
44.77853900108922;10.257941847642307;0.0;0.0;0.0;0.0
44.77853900108922;10.264258968734065;0.0;0.0;0.0;0.0
44.77853900108922;10.270576089825823;0.0;1.0;0.5;1.0
44.77853900108922;10.276893210917581;1.0;41.0;21.0;40.0
44.77853900108922;10.28321033200934;0.0;6.0;3.0;6.0
44.77853900108922;10.289527453101098;0.0;0.0;0.0;0.0
44.77853900108922;10.295844574192856;0.0;0.0;0.0;0.0
44.77853900108922;10.302161695284614;0.0;6.0;3.0;6.0
44.77853900108922;10.308478816376372;3.5;0.5;2.0;-3.0
44.77853900108922;10.31479593746813;0.0;8.0;4.0;8.0
44.77853900108922;10.321113058559888;0.0;14.0;7.0;14.0
44.77853900108922;10.327430179651646;0.0;0.5;0.25;0.5
44.77853900108922;10.333747300743404;2.0;2.5;2.25;0.5
44.77853900108922;10.340064421835162;0.0;0.0;0.0;0.0
44.77853900108922;10.34638154292692;1.0;5.0;3.0;4.0
44.77853900108922;10.352698664018678;0.0;0.0;0.0;0.0
44.77853900108922;10.359015785110437;0.0;2.5;1.25;2.5
44.77853900108922;10.365332906202195;0.0;0.0;0.0;0.0
44.77853900108922;10.371650027293953;0.0;1.0;0.5;1.0
44.77853900108922;10.37796714838571;0.0;0.0;0.0;0.0
44.77853900108922;10.384284269477469;0.0;0.0;0.0;0.0
44.77853900108922;10.390601390569227;0.0;1.0;0.5;1.0
44.77853900108922;10.396918511660985;5.0;14.5;9.75;9.5
44.77853900108922;10.403235632752743;0.0;3.5;1.75;3.5
44.77853900108922;10.409552753844501;0.0;0.0;0.0;0.0
44.77853900108922;10.41586987493626;0.0;0.0;0.0;0.0
44.77853900108922;10.422186996028017;0.0;0.0;0.0;0.0
44.77853900108922;10.428504117119775;0.0;0.0;0.0;0.0
44.78303833769125;10.238992446943218;0.0;0.0;0.0;0.0
44.78303833769125;10.245310058679022;0.0;1.0;0.5;1.0
44.78303833769125;10.251627670414827;1.0;0.0;0.5;-1.0
44.78303833769125;10.257945282150631;2.0;9.5;5.75;7.5
44.78303833769125;10.264262893886436;0.0;1.0;0.5;1.0
44.78303833769125;10.27058050562224;0.0;0.0;0.0;0.0
44.78303833769125;10.276898117358044;0.0;0.0;0.0;0.0
44.78303833769125;10.283215729093849;0.0;0.0;0.0;0.0
44.78303833769125;10.289533340829653;5.0;14.0;9.5;9.0
44.78303833769125;10.295850952565457;0.0;12.5;6.25;12.5
44.78303833769125;10.302168564301262;0.0;1.0;0.5;1.0
44.78303833769125;10.308486176037066;3.0;10.5;6.75;7.5
44.78303833769125;10.31480378777287;0.0;4.5;2.25;4.5
44.78303833769125;10.321121399508675;2.0;41.0;21.5;39.0
44.78303833769125;10.32743901124448;1.0;11.5;6.25;10.5
44.78303833769125;10.333756622980284;0.0;12.0;6.0;12.0
44.78303833769125;10.340074234716088;0.0;14.0;7.0;14.0
44.78303833769125;10.346391846451892;0.0;15.5;7.75;15.5
44.78303833769125;10.352709458187697;0.0;10.0;5.0;10.0
44.78303833769125;10.359027069923501;2.0;8.5;5.25;6.5
44.78303833769125;10.365344681659305;1.0;10.0;5.5;9.0
44.78303833769125;10.37166229339511;0.0;0.5;0.25;0.5
44.78303833769125;10.377979905130914;0.0;10.0;5.0;10.0
44.78303833769125;10.384297516866718;0.0;13.0;6.5;13.0
44.78303833769125;10.390615128602523;1.0;15.5;8.25;14.5
44.78303833769125;10.396932740338327;1.0;0.0;0.5;-1.0
44.78303833769125;10.403250352074132;0.0;0.0;0.0;0.0
44.78303833769125;10.409567963809936;0.0;0.0;0.0;0.0
44.78303833769125;10.41588557554574;0.0;0.0;0.0;0.0
44.78303833769125;10.422203187281545;0.0;0.0;0.0;0.0
44.78753767073363;10.238994409979629;0.0;0.0;0.0;0.0
44.78753767073363;10.245312512474536;0.0;0.0;0.0;0.0
44.78753767073363;10.251630614969443;0.0;0.0;0.0;0.0
44.78753767073363;10.25794871746435;0.0;1.5;0.75;1.5
44.78753767073363;10.264266819959257;0.0;4.0;2.0;4.0
44.78753767073363;10.270584922454164;0.0;0.0;0.0;0.0
44.78753767073363;10.276903024949071;0.0;0.0;0.0;0.0
44.78753767073363;10.283221127443978;0.0;2.0;1.0;2.0
44.78753767073363;10.289539229938885;0.0;1.0;0.5;1.0
44.78753767073363;10.295857332433792;0.0;9.5;4.75;9.5
44.78753767073363;10.3021754349287;2.0;17.5;9.75;15.5
44.78753767073363;10.308493537423606;0.0;3.5;1.75;3.5
44.78753767073363;10.314811639918513;0.0;15.0;7.5;15.0
44.78753767073363;10.32112974241342;1.5;32.5;17.0;31.0
44.78753767073363;10.327447844908328;0.0;41.0;20.5;41.0
44.78753767073363;10.333765947403235;2.0;28.5;15.25;26.5
44.78753767073363;10.340084049898142;4.5;41.0;22.75;36.5
44.78753767073363;10.346402152393049;3.0;2.0;2.5;-1.0
44.78753767073363;10.352720254887956;0.0;26.5;13.25;26.5
44.78753767073363;10.359038357382863;7.5;27.5;17.5;20.0
44.78753767073363;10.36535645987777;1.0;5.5;3.25;4.5
44.78753767073363;10.371674562372677;1.0;23.5;12.25;22.5
44.78753767073363;10.377992664867584;0.0;15.5;7.75;15.5
44.78753767073363;10.384310767362491;0.0;0.0;0.0;0.0
44.78753767073363;10.390628869857398;0.0;0.0;0.0;0.0
44.78753767073363;10.396946972352305;0.0;0.0;0.0;0.0
44.78753767073363;10.403265074847212;0.0;0.5;0.25;0.5
44.78753767073363;10.40958317734212;0.0;0.0;0.0;0.0
44.78753767073363;10.415901279837026;0.0;0.0;0.0;0.0
44.78753767073363;10.422219382331933;0.0;0.0;0.0;0.0
44.79203700021635;10.245314966845482;0.0;0.0;0.0;0.0
44.79203700021635;10.251633560214579;0.0;0.0;0.0;0.0
44.79203700021635;10.257952153583675;5.5;0.0;2.75;-5.5
44.79203700021635;10.264270746952771;0.0;0.0;0.0;0.0
44.79203700021635;10.270589340321868;0.0;0.0;0.0;0.0
44.79203700021635;10.276907933690964;0.0;2.0;1.0;2.0
44.79203700021635;10.28322652706006;1.0;4.0;2.5;3.0
44.79203700021635;10.289545120429157;0.0;9.5;4.75;9.5
44.79203700021635;10.295863713798253;0.0;1.0;0.5;1.0
44.79203700021635;10.30218230716735;0.0;12.0;6.0;12.0
44.79203700021635;10.308500900536446;2.0;24.0;13.0;22.0
44.79203700021635;10.314819493905542;3.0;41.0;22.0;38.0
44.79203700021635;10.321138087274639;1.0;39.0;20.0;38.0
44.79203700021635;10.327456680643735;4.0;41.0;22.5;37.0
44.79203700021635;10.333775274012831;2.0;22.0;12.0;20.0
44.79203700021635;10.340093867381928;2.5;35.0;18.75;32.5
44.79203700021635;10.346412460751024;0.0;11.0;5.5;11.0
44.79203700021635;10.35273105412012;1.0;41.0;21.0;40.0
44.79203700021635;10.359049647489217;1.0;27.0;14.0;26.0
44.79203700021635;10.365368240858313;0.0;11.5;5.75;11.5
44.79203700021635;10.37168683422741;0.0;2.0;1.0;2.0
44.79203700021635;10.378005427596506;0.0;0.0;0.0;0.0
44.79203700021635;10.384324020965602;0.0;1.0;0.5;1.0
44.79203700021635;10.390642614334698;0.0;0.0;0.0;0.0
44.79203700021635;10.396961207703795;0.0;1.0;0.5;1.0
44.79203700021635;10.403279801072891;0.0;0.0;0.0;0.0
44.79203700021635;10.409598394441987;0.0;0.0;0.0;0.0
44.79203700021635;10.415916987811084;0.0;0.0;0.0;0.0
44.79203700021635;10.42223558118018;0.0;0.0;0.0;0.0
44.79653632613941;10.245317421792022;0.0;0.0;0.0;0.0
44.79653632613941;10.251636506150426;0.0;0.0;0.0;0.0
44.79653632613941;10.25795559050883;0.0;1.0;0.5;1.0
44.79653632613941;10.264274674867234;0.0;0.0;0.0;0.0
44.79653632613941;10.270593759225639;0.0;0.0;0.0;0.0
44.79653632613941;10.276912843584043;0.0;0.0;0.0;0.0
44.79653632613941;10.283231927942447;0.0;0.0;0.0;0.0
44.79653632613941;10.289551012300851;0.0;1.0;0.5;1.0
44.79653632613941;10.295870096659256;0.0;0.5;0.25;0.5
44.79653632613941;10.30218918101766;0.0;41.0;20.5;41.0
44.79653632613941;10.308508265376064;0.0;38.0;19.0;38.0
44.79653632613941;10.314827349734468;4.0;41.0;22.5;37.0
44.79653632613941;10.321146434092872;2.0;41.0;21.5;39.0
44.79653632613941;10.327465518451277;6.0;41.0;23.5;35.0
44.79653632613941;10.333784602809681;4.5;41.0;22.75;36.5
44.79653632613941;10.340103687168085;12.5;41.0;26.75;28.5
44.79653632613941;10.34642277152649;12.5;41.0;26.75;28.5
44.79653632613941;10.352741855884894;0.0;11.0;5.5;11.0
44.79653632613941;10.359060940243298;1.0;2.0;1.5;1.0
44.79653632613941;10.365380024601702;0.0;0.5;0.25;0.5
44.79653632613941;10.371699108960106;0.0;1.0;0.5;1.0
44.79653632613941;10.37801819331851;0.0;2.0;1.0;2.0
44.79653632613941;10.384337277676915;0.0;0.0;0.0;0.0
44.79653632613941;10.390656362035319;0.0;0.0;0.0;0.0
44.79653632613941;10.396975446393723;0.0;0.0;0.0;0.0
44.79653632613941;10.403294530752127;0.0;0.0;0.0;0.0
44.79653632613941;10.409613615110532;0.0;2.0;1.0;2.0
44.79653632613941;10.415932699468936;0.0;0.0;0.0;0.0
44.79653632613941;10.42225178382734;0.0;0.0;0.0;0.0
44.80103564850282;10.2326807263886;0.0;0.0;0.0;0.0
44.80103564850282;10.239000301851465;0.0;0.0;0.0;0.0
44.80103564850282;10.245319877314332;0.0;1.0;0.5;1.0
44.80103564850282;10.251639452777198;0.0;0.0;0.0;0.0
44.80103564850282;10.257959028240064;0.0;0.0;0.0;0.0
44.80103564850282;10.26427860370293;0.0;0.0;0.0;0.0
44.80103564850282;10.270598179165797;4.5;0.0;2.25;-4.5
44.80103564850282;10.276917754628663;0.0;0.0;0.0;0.0
44.80103564850282;10.283237330091529;0.0;1.0;0.5;1.0
44.80103564850282;10.289556905554395;0.0;4.0;2.0;4.0
44.80103564850282;10.295876481017261;0.0;3.0;1.5;3.0
44.80103564850282;10.302196056480128;1.0;41.0;21.0;40.0
44.80103564850282;10.308515631942994;13.0;24.0;18.5;11.0
44.80103564850282;10.31483520740586;3.0;41.0;22.0;38.0
44.80103564850282;10.321154782868726;2.5;41.0;21.75;38.5
44.80103564850282;10.327474358331592;6.5;41.0;23.75;34.5
44.80103564850282;10.333793933794459;2.0;28.0;15.0;26.0
44.80103564850282;10.340113509257325;1.0;41.0;21.0;40.0
44.80103564850282;10.346433084720191;0.0;21.5;10.75;21.5
44.80103564850282;10.352752660183057;13.0;15.0;14.0;2.0
44.80103564850282;10.359072235645923;0.0;1.0;0.5;1.0
44.80103564850282;10.36539181110879;0.0;0.5;0.25;0.5
44.80103564850282;10.371711386571656;0.0;0.5;0.25;0.5
44.80103564850282;10.378030962034522;0.0;0.0;0.0;0.0
44.80103564850282;10.384350537497388;0.0;0.0;0.0;0.0
44.80103564850282;10.390670112960255;0.0;0.0;0.0;0.0
44.80103564850282;10.39698968842312;0.0;0.0;0.0;0.0
44.80103564850282;10.403309263885987;0.0;0.0;0.0;0.0
44.80103564850282;10.409628839348853;0.0;0.0;0.0;0.0
44.80103564850282;10.41594841481172;0.0;0.0;0.0;0.0
44.80103564850282;10.422267990274586;0.0;0.0;0.0;0.0
44.80103564850282;10.428587565737452;0.0;0.0;0.0;0.0
44.80103564850282;10.434907141200318;0.0;0.0;0.0;0.0
44.80553496730657;10.220042066682515;0.0;0.0;0.0;0.0
44.80553496730657;10.22636213336503;0.0;1.0;0.5;1.0
44.80553496730657;10.232682200047543;0.0;0.0;0.0;0.0
44.80553496730657;10.239002266730058;0.0;0.0;0.0;0.0
44.80553496730657;10.245322333412572;0.0;0.0;0.0;0.0
44.80553496730657;10.251642400095086;0.0;0.0;0.0;0.0
44.80553496730657;10.2579624667776;0.0;1.0;0.5;1.0
44.80553496730657;10.264282533460115;0.0;3.0;1.5;3.0
44.80553496730657;10.27060260014263;0.0;0.0;0.0;0.0
44.80553496730657;10.276922666825143;0.0;0.0;0.0;0.0
44.80553496730657;10.283242733507658;1.0;2.0;1.5;1.0
44.80553496730657;10.289562800190172;0.0;0.0;0.0;0.0
44.80553496730657;10.295882866872686;0.0;11.5;5.75;11.5
44.80553496730657;10.3022029335552;3.5;41.0;22.25;37.5
44.80553496730657;10.308523000237715;13.0;41.0;27.0;28.0
44.80553496730657;10.31484306692023;3.5;41.0;22.25;37.5
44.80553496730657;10.321163133602743;0.0;4.0;2.0;4.0
44.80553496730657;10.327483200285258;10.5;41.0;25.75;30.5
44.80553496730657;10.333803266967772;9.0;41.0;25.0;32.0
44.80553496730657;10.340123333650286;1.5;41.0;21.25;39.5
44.80553496730657;10.3464434003328;0.5;12.0;6.25;11.5
44.80553496730657;10.352763467015315;0.0;41.0;20.5;41.0
44.80553496730657;10.359083533697829;1.0;3.0;2.0;2.0
44.80553496730657;10.365403600380343;0.0;0.0;0.0;0.0
44.80553496730657;10.371723667062858;0.0;0.0;0.0;0.0
44.80553496730657;10.378043733745372;0.0;0.0;0.0;0.0
44.80553496730657;10.384363800427886;0.0;0.0;0.0;0.0
44.80553496730657;10.3906838671104;0.0;0.0;0.0;0.0
44.80553496730657;10.397003933792915;0.0;0.0;0.0;0.0
44.80553496730657;10.403324000475429;0.0;0.0;0.0;0.0
44.80553496730657;10.409644067157943;0.0;0.0;0.0;0.0
44.80553496730657;10.415964133840458;0.0;0.0;0.0;0.0
44.80553496730657;10.422284200522972;0.0;0.0;0.0;0.0
44.80553496730657;10.428604267205486;0.0;8.0;4.0;8.0
44.80553496730657;10.434924333888;0.0;0.0;0.0;0.0
44.80553496730657;10.441244400570515;0.0;0.0;0.0;0.0
44.81003428255065;10.220042558017381;0.0;0.0;0.0;0.0
44.81003428255065;10.226363116034761;0.0;0.0;0.0;0.0
44.81003428255065;10.232683674052142;0.0;1.0;0.5;1.0
44.81003428255065;10.239004232069522;0.0;0.0;0.0;0.0
44.81003428255065;10.245324790086903;0.0;0.0;0.0;0.0
44.81003428255065;10.251645348104283;0.0;0.0;0.0;0.0
44.81003428255065;10.257965906121663;0.0;0.0;0.0;0.0
44.81003428255065;10.264286464139044;1.0;0.0;0.5;-1.0
44.81003428255065;10.270607022156424;0.0;0.0;0.0;0.0
44.81003428255065;10.276927580173805;0.0;7.5;3.75;7.5
44.81003428255065;10.283248138191185;3.5;15.0;9.25;11.5
44.81003428255065;10.289568696208566;0.0;41.0;20.5;41.0
44.81003428255065;10.295889254225946;0.0;28.0;14.0;28.0
44.81003428255065;10.302209812243326;0.0;14.5;7.25;14.5
44.81003428255065;10.308530370260707;3.0;16.0;9.5;13.0
44.81003428255065;10.314850928278087;6.0;41.0;23.5;35.0
44.81003428255065;10.321171486295468;11.0;41.0;26.0;30.0
44.81003428255065;10.327492044312848;9.5;41.0;25.25;31.5
44.81003428255065;10.333812602330228;13.0;41.0;27.0;28.0
44.81003428255065;10.340133160347609;2.0;14.0;8.0;12.0
44.81003428255065;10.34645371836499;7.5;27.5;17.5;20.0
44.81003428255065;10.35277427638237;1.0;37.5;19.25;36.5
44.81003428255065;10.35909483439975;1.0;13.0;7.0;12.0
44.81003428255065;10.36541539241713;0.0;5.0;2.5;5.0
44.81003428255065;10.37173595043451;0.0;0.0;0.0;0.0
44.81003428255065;10.378056508451891;0.0;0.0;0.0;0.0
44.81003428255065;10.384377066469272;0.0;0.0;0.0;0.0
44.81003428255065;10.390697624486652;0.0;0.0;0.0;0.0
44.81003428255065;10.397018182504032;0.0;0.0;0.0;0.0
44.81003428255065;10.403338740521413;0.0;2.0;1.0;2.0
44.81003428255065;10.409659298538793;0.0;0.0;0.0;0.0
44.81003428255065;10.415979856556174;0.0;1.0;0.5;1.0
44.81003428255065;10.422300414573554;0.0;0.0;0.0;0.0
44.81003428255065;10.428620972590934;0.0;0.0;0.0;0.0
44.81003428255065;10.434941530608315;0.0;0.0;0.0;0.0
44.81003428255065;10.441262088625695;0.0;0.0;0.0;0.0
44.81453359423508;10.220043049467497;0.0;0.0;0.0;0.0
44.81453359423508;10.226364098934994;0.0;0.0;0.0;0.0
44.81453359423508;10.23268514840249;0.0;0.0;0.0;0.0
44.81453359423508;10.239006197869987;0.0;1.0;0.5;1.0
44.81453359423508;10.245327247337483;0.0;0.0;0.0;0.0
44.81453359423508;10.25164829680498;0.0;0.0;0.0;0.0
44.81453359423508;10.257969346272477;0.0;0.0;0.0;0.0
44.81453359423508;10.264290395739973;0.0;6.0;3.0;6.0
44.81453359423508;10.27061144520747;0.0;12.5;6.25;12.5
44.81453359423508;10.276932494674966;0.0;1.0;0.5;1.0
44.81453359423508;10.283253544142463;0.0;2.5;1.25;2.5
44.81453359423508;10.28957459360996;0.0;11.5;5.75;11.5
44.81453359423508;10.295895643077456;0.0;6.5;3.25;6.5
44.81453359423508;10.302216692544953;1.0;8.0;4.5;7.0
44.81453359423508;10.308537742012449;0.0;1.5;0.75;1.5
44.81453359423508;10.314858791479946;0.0;21.5;10.75;21.5
44.81453359423508;10.321179840947442;10.5;14.0;12.25;3.5
44.81453359423508;10.327500890414939;3.0;32.0;17.5;29.0
44.81453359423508;10.333821939882435;10.0;41.0;25.5;31.0
44.81453359423508;10.340142989349932;0.0;27.0;13.5;27.0
44.81453359423508;10.346464038817428;0.0;8.5;4.25;8.5
44.81453359423508;10.352785088284925;0.0;2.0;1.0;2.0
44.81453359423508;10.359106137752422;0.0;2.5;1.25;2.5
44.81453359423508;10.365427187219918;1.0;4.0;2.5;3.0
44.81453359423508;10.371748236687415;0.0;0.0;0.0;0.0
44.81453359423508;10.378069286154911;0.0;3.5;1.75;3.5
44.81453359423508;10.384390335622408;0.0;0.0;0.0;0.0
44.81453359423508;10.390711385089904;0.0;0.5;0.25;0.5
44.81453359423508;10.397032434557401;0.0;0.0;0.0;0.0
44.81453359423508;10.403353484024898;0.0;0.0;0.0;0.0
44.81453359423508;10.409674533492394;0.0;0.0;0.0;0.0
44.81453359423508;10.41599558295989;13.0;0.0;6.5;-13.0
44.81453359423508;10.422316632427387;0.0;0.0;0.0;0.0
44.81453359423508;10.428637681894884;0.0;0.0;0.0;0.0
44.81453359423508;10.43495873136238;2.0;0.0;1.0;-2.0
44.81453359423508;10.441279780829877;0.0;0.0;0.0;0.0
44.819032902359844;10.220043541032899;0.0;0.0;0.0;0.0
44.819032902359844;10.226365082065797;0.0;0.0;0.0;0.0
44.819032902359844;10.232686623098695;0.0;3.0;1.5;3.0
44.819032902359844;10.239008164131594;13.0;2.0;7.5;-11.0
44.819032902359844;10.245329705164492;0.0;4.5;2.25;4.5
44.819032902359844;10.25165124619739;2.0;13.5;7.75;11.5
44.819032902359844;10.257972787230289;0.0;2.0;1.0;2.0
44.819032902359844;10.264294328263187;5.0;0.5;2.75;-4.5
44.819032902359844;10.270615869296085;0.0;2.0;1.0;2.0
44.819032902359844;10.276937410328983;0.0;0.0;0.0;0.0
44.819032902359844;10.283258951361882;0.0;3.0;1.5;3.0
44.819032902359844;10.28958049239478;0.0;1.0;0.5;1.0
44.819032902359844;10.295902033427678;0.0;0.0;0.0;0.0
44.819032902359844;10.302223574460577;0.0;3.0;1.5;3.0
44.819032902359844;10.308545115493475;0.0;3.0;1.5;3.0
44.819032902359844;10.314866656526373;0.0;3.5;1.75;3.5
44.819032902359844;10.321188197559271;0.0;0.0;0.0;0.0
44.819032902359844;10.32750973859217;0.0;16.0;8.0;16.0
44.819032902359844;10.333831279625068;0.0;16.0;8.0;16.0
44.819032902359844;10.340152820657966;0.0;6.0;3.0;6.0
44.819032902359844;10.346474361690865;0.0;1.5;0.75;1.5
44.819032902359844;10.352795902723763;0.0;2.0;1.0;2.0
44.819032902359844;10.359117443756661;0.0;1.0;0.5;1.0
44.819032902359844;10.36543898478956;0.0;3.0;1.5;3.0
44.819032902359844;10.371760525822458;0.0;7.5;3.75;7.5
44.819032902359844;10.378082066855356;0.0;1.0;0.5;1.0
44.819032902359844;10.384403607888254;0.0;0.0;0.0;0.0
44.819032902359844;10.390725148921153;0.0;0.0;0.0;0.0
44.819032902359844;10.39704668995405;0.0;0.0;0.0;0.0
44.819032902359844;10.403368230986949;0.0;0.0;0.0;0.0
44.819032902359844;10.409689772019847;0.0;0.0;0.0;0.0
44.819032902359844;10.416011313052746;0.0;0.0;0.0;0.0
44.819032902359844;10.422332854085644;0.0;0.0;0.0;0.0
44.819032902359844;10.428654395118542;0.0;0.0;0.0;0.0
44.819032902359844;10.43497593615144;0.0;0.0;0.0;0.0
44.819032902359844;10.441297477184339;0.0;0.0;0.0;0.0
44.82353220692495;10.220044032713618;0.0;0.0;0.0;0.0
44.82353220692495;10.226366065427236;0.0;5.0;2.5;5.0
44.82353220692495;10.232688098140853;0.0;2.0;1.0;2.0
44.82353220692495;10.23901013085447;0.0;0.0;0.0;0.0
44.82353220692495;10.245332163568088;0.0;1.0;0.5;1.0
44.82353220692495;10.251654196281706;0.0;2.5;1.25;2.5
44.82353220692495;10.257976228995323;0.0;0.0;0.0;0.0
44.82353220692495;10.26429826170894;0.0;0.0;0.0;0.0
44.82353220692495;10.270620294422558;2.5;0.0;1.25;-2.5
44.82353220692495;10.276942327136176;0.0;2.5;1.25;2.5
44.82353220692495;10.283264359849793;0.0;3.0;1.5;3.0
44.82353220692495;10.289586392563411;0.0;0.0;0.0;0.0
44.82353220692495;10.295908425277029;0.0;0.0;0.0;0.0
44.82353220692495;10.302230457990646;0.0;0.0;0.0;0.0
44.82353220692495;10.308552490704264;1.5;0.0;0.75;-1.5
44.82353220692495;10.314874523417881;1.5;3.0;2.25;1.5
44.82353220692495;10.321196556131499;0.0;3.0;1.5;3.0
44.82353220692495;10.327518588845116;0.0;9.5;4.75;9.5
44.82353220692495;10.333840621558734;0.0;35.5;17.75;35.5
44.82353220692495;10.340162654272351;2.0;15.5;8.75;13.5
44.82353220692495;10.346484686985969;0.0;4.0;2.0;4.0
44.82353220692495;10.352806719699586;1.0;2.0;1.5;1.0
44.82353220692495;10.359128752413204;0.0;0.0;0.0;0.0
44.82353220692495;10.365450785126821;0.0;0.5;0.25;0.5
44.82353220692495;10.371772817840439;0.0;0.0;0.0;0.0
44.82353220692495;10.378094850554056;0.0;1.0;0.5;1.0
44.82353220692495;10.384416883267674;0.0;38.0;19.0;38.0
44.82353220692495;10.390738915981292;0.0;0.0;0.0;0.0
44.82353220692495;10.397060948694909;0.0;0.0;0.0;0.0
44.82353220692495;10.403382981408527;0.0;0.0;0.0;0.0
44.82353220692495;10.409705014122144;0.0;0.0;0.0;0.0
44.82353220692495;10.416027046835762;1.0;0.0;0.5;-1.0
44.82353220692495;10.42234907954938;0.0;0.0;0.0;0.0
44.82353220692495;10.428671112262997;0.0;0.0;0.0;0.0
44.82353220692495;10.434993144976614;0.0;0.0;0.0;0.0
44.82803150793041;10.226367049019377;0.0;0.0;0.0;0.0
44.82803150793041;10.232689573529065;0.0;0.0;0.0;0.0
44.82803150793041;10.239012098038753;0.0;0.0;0.0;0.0
44.82803150793041;10.245334622548441;0.0;0.0;0.0;0.0
44.82803150793041;10.251657147058129;0.0;1.0;0.5;1.0
44.82803150793041;10.257979671567817;0.0;0.0;0.0;0.0
44.82803150793041;10.264302196077505;0.0;0.0;0.0;0.0
44.82803150793041;10.270624720587193;0.0;0.0;0.0;0.0
44.82803150793041;10.276947245096881;0.0;27.5;13.75;27.5
44.82803150793041;10.28326976960657;0.0;1.0;0.5;1.0
44.82803150793041;10.289592294116257;0.0;0.0;0.0;0.0
44.82803150793041;10.295914818625945;0.0;0.0;0.0;0.0
44.82803150793041;10.302237343135634;0.0;0.0;0.0;0.0
44.82803150793041;10.308559867645322;1.0;15.0;8.0;14.0
44.82803150793041;10.31488239215501;0.0;0.0;0.0;0.0
44.82803150793041;10.321204916664698;0.0;0.0;0.0;0.0
44.82803150793041;10.327527441174386;0.0;2.0;1.0;2.0
44.82803150793041;10.333849965684074;0.0;0.0;0.0;0.0
44.82803150793041;10.340172490193762;2.0;25.0;13.5;23.0
44.82803150793041;10.34649501470345;0.0;18.5;9.25;18.5
44.82803150793041;10.352817539213138;0.0;0.5;0.25;0.5
44.82803150793041;10.359140063722826;1.0;0.0;0.5;-1.0
44.82803150793041;10.365462588232514;0.0;1.5;0.75;1.5
44.82803150793041;10.371785112742202;0.0;0.0;0.0;0.0
44.82803150793041;10.37810763725189;0.0;0.0;0.0;0.0
44.82803150793041;10.384430161761578;0.0;0.0;0.0;0.0
44.82803150793041;10.390752686271266;1.0;5.0;3.0;4.0
44.82803150793041;10.397075210780955;4.0;2.0;3.0;-2.0
44.82803150793041;10.403397735290643;0.0;0.0;0.0;0.0
44.82803150793041;10.40972025980033;0.0;0.0;0.0;0.0
44.82803150793041;10.416042784310019;0.0;0.0;0.0;0.0
44.82803150793041;10.422365308819707;0.0;0.0;0.0;0.0
44.8325308053762;10.22636803284228;0.0;0.0;0.0;0.0
44.8325308053762;10.23269104926342;0.0;0.0;0.0;0.0
44.8325308053762;10.239014065684561;0.0;0.0;0.0;0.0
44.8325308053762;10.245337082105701;1.0;0.0;0.5;-1.0
44.8325308053762;10.251660098526841;0.0;0.0;0.0;0.0
44.8325308053762;10.257983114947981;1.0;0.0;0.5;-1.0
44.8325308053762;10.264306131369121;1.0;0.0;0.5;-1.0
44.8325308053762;10.270629147790261;0.0;2.0;1.0;2.0
44.8325308053762;10.276952164211401;0.0;3.0;1.5;3.0
44.8325308053762;10.283275180632542;0.0;0.0;0.0;0.0
44.8325308053762;10.289598197053682;0.0;0.0;0.0;0.0
44.8325308053762;10.295921213474822;0.0;0.0;0.0;0.0
44.8325308053762;10.302244229895962;0.0;0.0;0.0;0.0
44.8325308053762;10.308567246317102;2.0;3.0;2.5;1.0
44.8325308053762;10.314890262738242;0.0;0.0;0.0;0.0
44.8325308053762;10.321213279159382;0.0;0.0;0.0;0.0
44.8325308053762;10.327536295580522;0.0;1.0;0.5;1.0
44.8325308053762;10.333859312001662;4.0;5.0;4.5;1.0
44.8325308053762;10.340182328422802;0.0;5.0;2.5;5.0
44.8325308053762;10.346505344843942;3.5;8.0;5.75;4.5
44.8325308053762;10.352828361265082;0.0;2.5;1.25;2.5
44.8325308053762;10.359151377686223;0.0;0.0;0.0;0.0
44.8325308053762;10.365474394107363;0.0;19.0;9.5;19.0
44.8325308053762;10.371797410528503;0.0;3.5;1.75;3.5
44.8325308053762;10.378120426949643;1.0;0.0;0.5;-1.0
44.8325308053762;10.384443443370783;0.0;0.0;0.0;0.0
44.8325308053762;10.390766459791923;0.0;0.0;0.0;0.0
44.8325308053762;10.397089476213063;0.0;0.0;0.0;0.0
44.8325308053762;10.403412492634203;0.0;0.0;0.0;0.0
44.8325308053762;10.409735509055343;0.0;0.0;0.0;0.0
44.8325308053762;10.416058525476483;0.0;0.0;0.0;0.0
44.83703009926235;10.226369016896015;0.0;0.0;0.0;0.0
44.83703009926235;10.232692525344023;0.0;0.0;0.0;0.0
44.83703009926235;10.23901603379203;0.0;0.0;0.0;0.0
44.83703009926235;10.245339542240037;0.0;0.0;0.0;0.0
44.83703009926235;10.251663050688045;0.0;0.0;0.0;0.0
44.83703009926235;10.257986559136052;0.0;2.5;1.25;2.5
44.83703009926235;10.26431006758406;0.0;0.0;0.0;0.0
44.83703009926235;10.270633576032067;0.0;2.0;1.0;2.0
44.83703009926235;10.276957084480074;1.0;1.0;1.0;0.0
44.83703009926235;10.283280592928081;0.0;0.0;0.0;0.0
44.83703009926235;10.289604101376089;0.0;0.0;0.0;0.0
44.83703009926235;10.295927609824096;0.0;0.0;0.0;0.0
44.83703009926235;10.302251118272103;0.0;0.0;0.0;0.0
44.83703009926235;10.30857462672011;0.0;5.0;2.5;5.0
44.83703009926235;10.314898135168118;0.0;0.0;0.0;0.0
44.83703009926235;10.321221643616125;0.0;0.0;0.0;0.0
44.83703009926235;10.327545152064133;0.0;0.0;0.0;0.0
44.83703009926235;10.33386866051214;0.0;1.5;0.75;1.5
44.83703009926235;10.340192168960147;0.0;17.5;8.75;17.5
44.83703009926235;10.346515677408155;0.0;5.5;2.75;5.5
44.83703009926235;10.352839185856162;0.0;0.5;0.25;0.5
44.83703009926235;10.35916269430417;0.0;1.0;0.5;1.0
44.83703009926235;10.365486202752177;0.0;0.0;0.0;0.0
44.83703009926235;10.371809711200184;0.0;1.0;0.5;1.0
44.83703009926235;10.378133219648191;0.0;0.0;0.0;0.0
44.83703009926235;10.384456728096199;0.0;0.0;0.0;0.0
44.83703009926235;10.390780236544206;0.0;0.0;0.0;0.0
44.83703009926235;10.397103744992213;0.0;0.0;0.0;0.0
44.83703009926235;10.40342725344022;0.0;0.0;0.0;0.0
44.83703009926235;10.409750761888228;0.0;0.0;0.0;0.0
44.84152938958883;10.226370001180651;0.0;0.0;0.0;0.0
44.84152938958883;10.232694001770977;0.0;0.0;0.0;0.0
44.84152938958883;10.239018002361302;0.0;0.0;0.0;0.0
44.84152938958883;10.245342002951627;0.0;0.0;0.0;0.0
44.84152938958883;10.251666003541953;0.0;0.0;0.0;0.0
44.84152938958883;10.257990004132278;0.0;1.0;0.5;1.0
44.84152938958883;10.264314004722603;0.0;1.0;0.5;1.0
44.84152938958883;10.270638005312929;0.0;1.0;0.5;1.0
44.84152938958883;10.276962005903254;0.0;0.0;0.0;0.0
44.84152938958883;10.28328600649358;0.0;0.0;0.0;0.0
44.84152938958883;10.289610007083905;0.0;4.0;2.0;4.0
44.84152938958883;10.29593400767423;1.0;2.0;1.5;1.0
44.84152938958883;10.302258008264555;0.0;0.0;0.0;0.0
44.84152938958883;10.30858200885488;0.0;1.0;0.5;1.0
44.84152938958883;10.314906009445206;0.0;1.0;0.5;1.0
44.84152938958883;10.321230010035531;0.0;0.5;0.25;0.5
44.84152938958883;10.327554010625857;0.0;0.0;0.0;0.0
44.84152938958883;10.333878011216182;0.0;0.0;0.0;0.0
44.84152938958883;10.340202011806507;0.0;1.0;0.5;1.0
44.84152938958883;10.346526012396833;0.0;0.0;0.0;0.0
44.84152938958883;10.352850012987158;0.0;0.0;0.0;0.0
44.84152938958883;10.359174013577483;0.0;0.0;0.0;0.0
44.84152938958883;10.365498014167809;0.0;3.0;1.5;3.0
44.84152938958883;10.371822014758134;7.0;9.0;8.0;2.0
44.84152938958883;10.37814601534846;0.0;0.0;0.0;0.0
44.84152938958883;10.384470015938785;0.0;0.0;0.0;0.0
44.84152938958883;10.39079401652911;0.0;0.0;0.0;0.0
44.84152938958883;10.397118017119436;0.0;0.0;0.0;0.0
44.84152938958883;10.40344201770976;0.0;0.0;0.0;0.0
44.84152938958883;10.409766018300086;0.0;0.0;0.0;0.0
44.84602867635565;10.232695478544374;2.0;0.0;1.0;-2.0
44.84602867635565;10.239019971392498;0.0;0.0;0.0;0.0
44.84602867635565;10.245344464240622;0.0;0.0;0.0;0.0
44.84602867635565;10.251668957088746;0.0;0.0;0.0;0.0
44.84602867635565;10.25799344993687;0.0;0.0;0.0;0.0
44.84602867635565;10.264317942784995;2.0;2.5;2.25;0.5
44.84602867635565;10.27064243563312;0.0;1.0;0.5;1.0
44.84602867635565;10.276966928481244;0.0;1.0;0.5;1.0
44.84602867635565;10.283291421329368;0.0;3.0;1.5;3.0
44.84602867635565;10.289615914177492;0.0;0.0;0.0;0.0
44.84602867635565;10.295940407025617;1.0;1.0;1.0;0.0
44.84602867635565;10.302264899873741;0.0;0.0;0.0;0.0
44.84602867635565;10.308589392721865;0.0;5.5;2.75;5.5
44.84602867635565;10.31491388556999;0.0;4.5;2.25;4.5
44.84602867635565;10.321238378418114;0.0;0.0;0.0;0.0
44.84602867635565;10.327562871266238;0.0;1.0;0.5;1.0
44.84602867635565;10.333887364114362;0.0;0.0;0.0;0.0
44.84602867635565;10.340211856962487;0.0;2.5;1.25;2.5
44.84602867635565;10.346536349810611;2.0;4.5;3.25;2.5
44.84602867635565;10.352860842658735;0.0;2.0;1.0;2.0
44.84602867635565;10.35918533550686;0.0;1.0;0.5;1.0
44.84602867635565;10.365509828354984;0.0;3.0;1.5;3.0
44.84602867635565;10.371834321203108;0.0;1.0;0.5;1.0
44.84602867635565;10.378158814051233;0.0;0.0;0.0;0.0
44.84602867635565;10.384483306899357;0.0;0.0;0.0;0.0
44.84602867635565;10.390807799747481;0.0;0.0;0.0;0.0
44.84602867635565;10.397132292595606;0.0;0.0;0.0;0.0
44.84602867635565;10.40345678544373;0.0;0.0;0.0;0.0
44.84602867635565;10.409781278291854;0.0;0.0;0.0;0.0
44.85052795956281;10.232696955664315;0.0;0.0;0.0;0.0
44.85052795956281;10.239021940885753;0.0;0.0;0.0;0.0
44.85052795956281;10.24534692610719;0.0;0.0;0.0;0.0
44.85052795956281;10.251671911328629;0.0;0.0;0.0;0.0
44.85052795956281;10.257996896550067;0.0;0.0;0.0;0.0
44.85052795956281;10.264321881771505;0.0;0.0;0.0;0.0
44.85052795956281;10.270646866992942;0.0;0.0;0.0;0.0
44.85052795956281;10.27697185221438;0.0;0.0;0.0;0.0
44.85052795956281;10.283296837435818;0.0;1.0;0.5;1.0
44.85052795956281;10.289621822657256;0.0;1.0;0.5;1.0
44.85052795956281;10.295946807878694;0.0;0.0;0.0;0.0
44.85052795956281;10.302271793100132;0.0;0.0;0.0;0.0
44.85052795956281;10.30859677832157;0.0;3.0;1.5;3.0
44.85052795956281;10.314921763543008;0.0;0.0;0.0;0.0
44.85052795956281;10.321246748764446;0.0;0.0;0.0;0.0
44.85052795956281;10.327571733985884;0.0;0.0;0.0;0.0
44.85052795956281;10.333896719207322;0.0;0.0;0.0;0.0
44.85052795956281;10.34022170442876;0.0;8.0;4.0;8.0
44.85052795956281;10.346546689650198;0.0;1.0;0.5;1.0
44.85052795956281;10.352871674871636;0.0;0.0;0.0;0.0
44.85052795956281;10.359196660093074;0.0;0.5;0.25;0.5
44.85052795956281;10.365521645314512;0.0;1.0;0.5;1.0
44.85052795956281;10.37184663053595;0.0;0.0;0.0;0.0
44.85052795956281;10.378171615757388;0.0;0.0;0.0;0.0
44.85052795956281;10.384496600978826;0.0;0.0;0.0;0.0
44.85052795956281;10.390821586200264;0.0;0.0;0.0;0.0
44.85052795956281;10.397146571421702;0.0;0.0;0.0;0.0
44.85052795956281;10.40347155664314;0.0;0.0;0.0;0.0
44.85052795956281;10.409796541864578;0.0;0.0;0.0;0.0
44.85052795956281;10.416121527086016;0.0;0.0;0.0;0.0
44.85502723921032;10.232698433130901;0.0;0.0;0.0;0.0
44.85502723921032;10.239023910841201;0.0;0.0;0.0;0.0
44.85502723921032;10.245349388551501;0.0;0.0;0.0;0.0
44.85502723921032;10.251674866261801;0.0;0.0;0.0;0.0
44.85502723921032;10.258000343972101;0.0;2.5;1.25;2.5
44.85502723921032;10.264325821682402;0.0;0.0;0.0;0.0
44.85502723921032;10.270651299392702;0.0;0.0;0.0;0.0
44.85502723921032;10.276976777103002;1.0;0.0;0.5;-1.0
44.85502723921032;10.283302254813302;0.0;0.5;0.25;0.5
44.85502723921032;10.289627732523602;0.0;1.0;0.5;1.0
44.85502723921032;10.295953210233902;0.0;0.0;0.0;0.0
44.85502723921032;10.302278687944202;0.0;1.0;0.5;1.0
44.85502723921032;10.308604165654502;4.0;6.0;5.0;2.0
44.85502723921032;10.314929643364803;0.0;0.0;0.0;0.0
44.85502723921032;10.321255121075103;0.0;0.0;0.0;0.0
44.85502723921032;10.327580598785403;0.0;0.0;0.0;0.0
44.85502723921032;10.333906076495703;0.0;0.0;0.0;0.0
44.85502723921032;10.340231554206003;0.0;3.0;1.5;3.0
44.85502723921032;10.346557031916303;0.0;0.0;0.0;0.0
44.85502723921032;10.352882509626603;0.0;2.0;1.0;2.0
44.85502723921032;10.359207987336903;0.0;1.0;0.5;1.0
44.85502723921032;10.365533465047204;0.0;1.0;0.5;1.0
44.85502723921032;10.371858942757504;0.0;0.0;0.0;0.0
44.85502723921032;10.378184420467804;0.0;0.0;0.0;0.0
44.85502723921032;10.384509898178104;0.0;2.0;1.0;2.0
44.85502723921032;10.390835375888404;0.0;0.0;0.0;0.0
44.85502723921032;10.397160853598704;0.0;0.0;0.0;0.0
44.85502723921032;10.403486331309004;0.0;0.0;0.0;0.0
44.85502723921032;10.409811809019304;0.0;0.0;0.0;0.0
44.85502723921032;10.416137286729604;0.0;0.0;0.0;0.0
44.85952651529818;10.232699910944229;0.0;0.0;0.0;0.0
44.85952651529818;10.239025881258971;0.0;0.0;0.0;0.0
44.85952651529818;10.245351851573714;0.0;0.0;0.0;0.0
44.85952651529818;10.251677821888457;0.0;0.0;0.0;0.0
44.85952651529818;10.2580037922032;0.0;1.5;0.75;1.5
44.85952651529818;10.264329762517942;0.0;0.0;0.0;0.0
44.85952651529818;10.270655732832685;0.0;1.0;0.5;1.0
44.85952651529818;10.276981703147428;0.0;4.5;2.25;4.5
44.85952651529818;10.28330767346217;0.0;0.0;0.0;0.0
44.85952651529818;10.289633643776913;0.0;0.0;0.0;0.0
44.85952651529818;10.295959614091656;0.0;0.0;0.0;0.0
44.85952651529818;10.302285584406398;0.0;0.0;0.0;0.0
44.85952651529818;10.308611554721141;0.0;2.0;1.0;2.0
44.85952651529818;10.314937525035884;0.0;0.0;0.0;0.0
44.85952651529818;10.321263495350626;0.0;0.0;0.0;0.0
44.85952651529818;10.327589465665369;0.0;0.0;0.0;0.0
44.85952651529818;10.333915435980112;0.0;0.0;0.0;0.0
44.85952651529818;10.340241406294854;0.0;0.0;0.0;0.0
44.85952651529818;10.346567376609597;0.0;8.0;4.0;8.0
44.85952651529818;10.35289334692434;0.0;0.0;0.0;0.0
44.85952651529818;10.359219317239083;0.0;0.5;0.25;0.5
44.85952651529818;10.365545287553825;0.0;0.0;0.0;0.0
44.85952651529818;10.371871257868568;1.0;0.5;0.75;-0.5
44.85952651529818;10.37819722818331;0.0;3.0;1.5;3.0
44.85952651529818;10.384523198498053;0.0;0.0;0.0;0.0
44.85952651529818;10.390849168812796;0.0;0.0;0.0;0.0
44.85952651529818;10.397175139127539;0.0;0.0;0.0;0.0
44.85952651529818;10.403501109442281;0.0;0.0;0.0;0.0
44.85952651529818;10.409827079757024;0.0;0.0;0.0;0.0
44.85952651529818;10.416153050071767;0.0;0.0;0.0;0.0
44.864025787826385;10.239027852139198;0.0;0.0;0.0;0.0
44.864025787826385;10.245354315173998;0.0;0.0;0.0;0.0
44.864025787826385;10.251680778208797;0.0;1.0;0.5;1.0
44.864025787826385;10.258007241243597;0.0;0.0;0.0;0.0
44.864025787826385;10.264333704278396;1.0;0.0;0.5;-1.0
44.864025787826385;10.270660167313196;0.0;0.0;0.0;0.0
44.864025787826385;10.276986630347995;0.0;0.0;0.0;0.0
44.864025787826385;10.283313093382795;0.0;0.0;0.0;0.0
44.864025787826385;10.289639556417594;0.0;0.0;0.0;0.0
44.864025787826385;10.295966019452393;0.0;0.0;0.0;0.0
44.864025787826385;10.302292482487193;0.0;0.0;0.0;0.0
44.864025787826385;10.308618945521992;0.0;0.0;0.0;0.0
44.864025787826385;10.314945408556792;0.0;3.0;1.5;3.0
44.864025787826385;10.321271871591591;0.0;0.0;0.0;0.0
44.864025787826385;10.32759833462639;0.0;0.0;0.0;0.0
44.864025787826385;10.33392479766119;0.0;0.0;0.0;0.0
44.864025787826385;10.34025126069599;0.0;0.0;0.0;0.0
44.864025787826385;10.346577723730789;3.5;1.0;2.25;-2.5
44.864025787826385;10.352904186765588;0.0;0.0;0.0;0.0
44.864025787826385;10.359230649800388;0.0;0.0;0.0;0.0
44.864025787826385;10.365557112835187;0.0;0.0;0.0;0.0
44.864025787826385;10.371883575869987;0.0;0.0;0.0;0.0
44.864025787826385;10.378210038904786;0.0;0.0;0.0;0.0
44.864025787826385;10.384536501939586;0.0;0.0;0.0;0.0
44.864025787826385;10.390862964974385;0.0;0.0;0.0;0.0
44.864025787826385;10.397189428009185;0.0;0.0;0.0;0.0
44.864025787826385;10.403515891043984;0.0;0.0;0.0;0.0
44.864025787826385;10.409842354078783;0.0;0.0;0.0;0.0
44.864025787826385;10.416168817113583;0.0;0.0;0.0;0.0
44.86852505679493;10.239029823482017;0.0;0.0;0.0;0.0
44.86852505679493;10.245356779352521;0.0;0.0;0.0;0.0
44.86852505679493;10.251683735223025;0.0;1.0;0.5;1.0
44.86852505679493;10.25801069109353;0.0;0.0;0.0;0.0
44.86852505679493;10.264337646964034;0.0;1.0;0.5;1.0
44.86852505679493;10.270664602834538;0.0;0.0;0.0;0.0
44.86852505679493;10.276991558705042;0.0;0.0;0.0;0.0
44.86852505679493;10.283318514575546;0.0;0.0;0.0;0.0
44.86852505679493;10.28964547044605;0.0;0.0;0.0;0.0
44.86852505679493;10.295972426316554;0.0;0.0;0.0;0.0
44.86852505679493;10.302299382187059;0.0;0.0;0.0;0.0
44.86852505679493;10.308626338057563;0.0;0.0;0.0;0.0
44.86852505679493;10.314953293928067;0.0;2.5;1.25;2.5
44.86852505679493;10.321280249798571;0.0;1.0;0.5;1.0
44.86852505679493;10.327607205669075;0.0;0.0;0.0;0.0
44.86852505679493;10.33393416153958;0.0;0.0;0.0;0.0
44.86852505679493;10.340261117410083;0.0;0.0;0.0;0.0
44.86852505679493;10.346588073280587;0.0;25.5;12.75;25.5
44.86852505679493;10.352915029151092;0.0;0.0;0.0;0.0
44.86852505679493;10.359241985021596;0.0;0.0;0.0;0.0
44.86852505679493;10.3655689408921;3.0;0.0;1.5;-3.0
44.86852505679493;10.371895896762604;0.0;0.0;0.0;0.0
44.86852505679493;10.378222852633108;0.0;0.0;0.0;0.0
44.86852505679493;10.384549808503612;0.0;4.5;2.25;4.5
44.86852505679493;10.390876764374116;0.0;1.0;0.5;1.0
44.86852505679493;10.39720372024462;0.0;0.0;0.0;0.0
44.86852505679493;10.403530676115125;0.0;0.0;0.0;0.0
44.86852505679493;10.409857631985629;0.0;0.0;0.0;0.0
44.86852505679493;10.416184587856133;0.0;0.0;0.0;0.0
44.87302432220383;10.239031795287548;0.0;0.0;0.0;0.0
44.87302432220383;10.245359244109435;0.0;0.0;0.0;0.0
44.87302432220383;10.251686692931322;0.0;0.0;0.0;0.0
44.87302432220383;10.25801414175321;0.0;0.0;0.0;0.0
44.87302432220383;10.264341590575096;0.0;0.0;0.0;0.0
44.87302432220383;10.270669039396983;0.0;0.0;0.0;0.0
44.87302432220383;10.27699648821887;0.0;0.0;0.0;0.0
44.87302432220383;10.283323937040757;0.0;0.0;0.0;0.0
44.87302432220383;10.289651385862644;0.0;0.0;0.0;0.0
44.87302432220383;10.295978834684531;0.0;1.0;0.5;1.0
44.87302432220383;10.302306283506418;0.0;0.0;0.0;0.0
44.87302432220383;10.308633732328305;1.0;0.0;0.5;-1.0
44.87302432220383;10.314961181150192;0.0;0.0;0.0;0.0
44.87302432220383;10.321288629972079;0.0;0.0;0.0;0.0
44.87302432220383;10.327616078793966;0.0;0.0;0.0;0.0
44.87302432220383;10.333943527615853;0.0;0.0;0.0;0.0
44.87302432220383;10.34027097643774;0.0;0.0;0.0;0.0
44.87302432220383;10.346598425259627;0.0;0.5;0.25;0.5
44.87302432220383;10.352925874081514;0.0;0.0;0.0;0.0
44.87302432220383;10.3592533229034;0.0;0.0;0.0;0.0
44.87302432220383;10.365580771725288;0.0;0.0;0.0;0.0
44.87302432220383;10.371908220547175;0.0;0.0;0.0;0.0
44.87302432220383;10.378235669369062;0.0;0.0;0.0;0.0
44.87302432220383;10.384563118190949;0.0;0.0;0.0;0.0
44.87302432220383;10.390890567012836;0.0;2.0;1.0;2.0
44.87302432220383;10.397218015834722;0.0;0.0;0.0;0.0
44.87302432220383;10.40354546465661;0.0;0.0;0.0;0.0
44.87302432220383;10.409872913478496;0.0;0.0;0.0;0.0
44.87302432220383;10.416200362300383;0.0;0.0;0.0;0.0
44.87752358405309;10.251689651333912;1.0;1.0;1.0;0.0
44.87752358405309;10.258017593222897;2.0;0.0;1.0;-2.0
44.87752358405309;10.264345535111882;0.0;0.0;0.0;0.0
44.87752358405309;10.270673477000868;0.0;0.0;0.0;0.0
44.87752358405309;10.277001418889853;0.0;0.0;0.0;0.0
44.87752358405309;10.283329360778838;0.0;1.5;0.75;1.5
44.87752358405309;10.289657302667823;0.0;0.0;0.0;0.0
44.87752358405309;10.295985244556809;0.0;0.0;0.0;0.0
44.87752358405309;10.302313186445794;0.0;0.0;0.0;0.0
44.87752358405309;10.308641128334779;0.0;0.0;0.0;0.0
44.87752358405309;10.314969070223764;0.0;0.0;0.0;0.0
44.87752358405309;10.32129701211275;2.0;1.0;1.5;-1.0
44.87752358405309;10.327624954001735;0.0;0.0;0.0;0.0
44.87752358405309;10.33395289589072;0.0;0.0;0.0;0.0
44.87752358405309;10.340280837779705;0.0;0.0;0.0;0.0
44.87752358405309;10.34660877966869;0.0;1.0;0.5;1.0
44.87752358405309;10.384576431002602;0.0;0.0;0.0;0.0
44.87752358405309;10.390904372891587;0.0;0.0;0.0;0.0
44.87752358405309;10.397232314780572;0.0;0.0;0.0;0.0
44.87752358405309;10.403560256669557;0.0;0.0;0.0;0.0
44.87752358405309;10.409888198558543;0.0;0.0;0.0;0.0
44.87752358405309;10.416216140447528;0.0;0.0;0.0;0.0
44.882022842342685;10.277006350718274;0.0;0.0;0.0;0.0
44.882022842342685;10.283334785790101;0.0;0.0;0.0;0.0
44.882022842342685;10.289663220861929;0.0;0.0;0.0;0.0
44.882022842342685;10.295991655933756;0.0;0.0;0.0;0.0
44.882022842342685;10.302320091005583;0.0;0.0;0.0;0.0
44.882022842342685;10.30864852607741;0.0;0.0;0.0;0.0
44.882022842342685;10.314976961149238;0.0;0.0;0.0;0.0
44.882022842342685;10.321305396221065;0.0;0.0;0.0;0.0
44.882022842342685;10.327633831292893;0.0;0.0;0.0;0.0
44.88652209707264;10.27701128370449;0.0;0.0;0.0;0.0
44.88652209707264;10.283340212074938;0.0;0.0;0.0;0.0
44.88652209707264;10.289669140445387;0.0;0.0;0.0;0.0
44.88652209707264;10.295998068815836;0.0;0.0;0.0;0.0
44.88652209707264;10.302326997186285;0.0;0.0;0.0;0.0
44.88652209707264;10.308655925556733;0.0;0.0;0.0;0.0
44.89102134824295;10.283345639633719;0.0;0.0;0.0;0.0
44.89102134824295;10.289675061418603;0.0;0.0;0.0;0.0
44.89102134824295;10.296004483203486;0.0;0.0;0.0;0.0
44.89552059585362;10.289680983781981;0.0;0.0;0.0;0.0
44.900019839904644;10.289686907535863;0.0;0.0;0.0;0.0
