id;lat;lon;gravita
1;44.666054429152695;10.30829538431358;0
2;44.666054429152695;10.314600276601151;0
3;44.67055385474577;10.295691940856468;0
4;44.67055385474577;10.30199732092235;0
5;44.67055385474577;10.308302700988232;0
6;44.67055385474577;10.314608081054114;0
7;44.675053276779224;10.295698283459611;0
8;44.675053276779224;10.302004151418043;0
9;44.675053276779224;10.308310019376474;0
10;44.675053276779224;10.314615887334906;0
11;44.675053276779224;10.320921755293337;0
12;44.679552695253065;10.295704627548258;0
13;44.679552695253065;10.302010983513508;0
14;44.679552695253065;10.308317339478759;3.5
15;44.679552695253065;10.31462369544401;0
16;44.679552695253065;10.32093005140926;0
17;44.679552695253065;10.32723640737451;0
18;44.68405211016727;10.295710973122869;0
19;44.68405211016727;10.302017817209244;0
20;44.68405211016727;10.308324661295618;0
21;44.68405211016727;10.314631505381993;0
22;44.68405211016727;10.320938349468367;0
23;44.68405211016727;10.327245193554742;0
24;44.68855152152186;10.295717320183838;0
25;44.68855152152186;10.302024652505672;0
26;44.68855152152186;10.308331984827506;0
27;44.68855152152186;10.31463931714934;0
28;44.68855152152186;10.320946649471173;0
29;44.68855152152186;10.327253981793007;0
30;44.68855152152186;10.33356131411484;0
31;44.69305092931682;10.295723668731604;0
32;44.69305092931682;10.302031489403266;0
33;44.69305092931682;10.308339310074928;0
34;44.69305092931682;10.31464713074659;0
35;44.69305092931682;10.320954951418251;0
36;44.69305092931682;10.327262772089913;0
37;44.69305092931682;10.333570592761575;0
38;44.69755033355215;10.295730018766582;0
39;44.69755033355215;10.302038327902473;0
40;44.69755033355215;10.308346637038364;0
41;44.69755033355215;10.314654946174254;0
42;44.69755033355215;10.320963255310145;0
43;44.69755033355215;10.327271564446036;0
44;44.69755033355215;10.333579873581927;0
45;44.70204973422785;10.302045168003765;0
46;44.70204973422785;10.30835396571832;0
47;44.70204973422785;10.314662763432874;0
48;44.70204973422785;10.320971561147429;0
49;44.70204973422785;10.327280358861984;0
50;44.70204973422785;10.333589156576538;0
51;44.70654913134391;10.2894334368922;0
52;44.70654913134391;10.295742723299883;0
53;44.70654913134391;10.302052009707566;0
54;44.70654913134391;10.30836129611525;0
55;44.70654913134391;10.314670582522933;0
56;44.70654913134391;10.320979868930616;0
57;44.70654913134391;10.327289155338299;0
58;44.70654913134391;10.333598441745982;0
59;44.70654913134391;10.371454160192082;0
60;44.71104852490034;10.270509976937795;0
61;44.71104852490034;10.276819752153106;0
62;44.71104852490034;10.283129527368416;0
63;44.71104852490034;10.289439302583727;0
64;44.71104852490034;10.295749077799037;0
65;44.71104852490034;10.302058853014348;0
66;44.71104852490034;10.308368628229658;0
67;44.71104852490034;10.314678403444969;0
68;44.71104852490034;10.32098817866028;0
69;44.71104852490034;10.32729795387559;0
70;44.71104852490034;10.3336077290909;0
71;44.71104852490034;10.358846829952142;0
72;44.71104852490034;10.365156605167453;0
73;44.71104852490034;10.371466380382763;0
74;44.71554791489713;10.251583584824822;0
75;44.71554791489713;10.257893848962292;0
76;44.71554791489713;10.264204113099762;0
77;44.71554791489713;10.270514377237232;0
78;44.71554791489713;10.276824641374702;0
79;44.71554791489713;10.283134905512172;0
80;44.71554791489713;10.289445169649643;0
81;44.71554791489713;10.295755433787113;0
82;44.71554791489713;10.302065697924583;0
83;44.71554791489713;10.308375962062053;0
84;44.71554791489713;10.314686226199523;0
85;44.71554791489713;10.320996490336993;0
86;44.71554791489713;10.327306754474463;0
87;44.71554791489713;10.333617018611934;0
88;44.71554791489713;10.339927282749404;0
89;44.71554791489713;10.346237546886874;0
90;44.71554791489713;10.352547811024344;0
91;44.71554791489713;10.358858075161814;0
92;44.71554791489713;10.365168339299284;0
93;44.71554791489713;10.371478603436755;0
94;44.71554791489713;10.377788867574225;0
95;44.720047301334276;10.23896501269677;0
96;44.720047301334276;10.245275765870963;0
97;44.720047301334276;10.251586519045155;0
98;44.720047301334276;10.257897272219347;0
99;44.720047301334276;10.26420802539354;0
100;44.720047301334276;10.270518778567732;0
101;44.720047301334276;10.276829531741924;0
102;44.720047301334276;10.283140284916117;0
103;44.720047301334276;10.28945103809031;0
104;44.720047301334276;10.295761791264502;0
105;44.720047301334276;10.302072544438694;0
106;44.720047301334276;10.308383297612886;3.0
107;44.720047301334276;10.314694050787079;0
108;44.720047301334276;10.321004803961271;0
109;44.720047301334276;10.327315557135464;1.0
110;44.720047301334276;10.333626310309656;0
111;44.720047301334276;10.339937063483848;0
112;44.720047301334276;10.34624781665804;0
113;44.720047301334276;10.352558569832233;0
114;44.720047301334276;10.358869323006425;0
115;44.720047301334276;10.365180076180618;0
116;44.720047301334276;10.37149082935481;0.5
117;44.720047301334276;10.377801582529003;0
118;44.72454668421178;10.245278211627555;0
119;44.72454668421178;10.251589453953066;0
120;44.72454668421178;10.257900696278577;0
121;44.72454668421178;10.264211938604088;0
122;44.72454668421178;10.2705231809296;0
123;44.72454668421178;10.27683442325511;0
124;44.72454668421178;10.283145665580621;0
125;44.72454668421178;10.289456907906132;0
126;44.72454668421178;10.295768150231643;0
127;44.72454668421178;10.302079392557154;0
128;44.72454668421178;10.308390634882665;0
129;44.72454668421178;10.314701877208176;0
130;44.72454668421178;10.321013119533687;0
131;44.72454668421178;10.327324361859198;0
132;44.72454668421178;10.333635604184709;0
133;44.72454668421178;10.33994684651022;0
134;44.72454668421178;10.34625808883573;0
135;44.72454668421178;10.352569331161241;0
136;44.72454668421178;10.358880573486752;0
137;44.72454668421178;10.365191815812263;0
138;44.72454668421178;10.371503058137774;0
139;44.72454668421178;10.377814300463285;0
140;44.72904606352966;10.245280657957299;0
141;44.72904606352966;10.251592389548758;0
142;44.72904606352966;10.257904121140218;0
143;44.72904606352966;10.264215852731677;0
144;44.72904606352966;10.270527584323137;0
145;44.72904606352966;10.276839315914597;0
146;44.72904606352966;10.283151047506056;0
147;44.72904606352966;10.289462779097516;0
148;44.72904606352966;10.295774510688975;0
149;44.72904606352966;10.302086242280435;0
150;44.72904606352966;10.308397973871894;0
151;44.72904606352966;10.314709705463354;0
152;44.72904606352966;10.321021437054814;0
153;44.72904606352966;10.327333168646273;0
154;44.72904606352966;10.333644900237733;0
155;44.72904606352966;10.339956631829192;0
156;44.72904606352966;10.346268363420652;0
157;44.72904606352966;10.352580095012112;13.0
158;44.72904606352966;10.358891826603571;0
159;44.72904606352966;10.36520355819503;0
160;44.72904606352966;10.37151528978649;0
161;44.72904606352966;10.37782702137795;0
162;44.72904606352966;10.38413875296941;0
163;44.73354543928787;10.251595325832422;0
164;44.73354543928787;10.257907546804493;0
165;44.73354543928787;10.264219767776563;0
166;44.73354543928787;10.270531988748633;0
167;44.73354543928787;10.276844209720704;0
168;44.73354543928787;10.283156430692774;0
169;44.73354543928787;10.289468651664844;0
170;44.73354543928787;10.295780872636914;0
171;44.73354543928787;10.302093093608985;0
172;44.73354543928787;10.308405314581055;0
173;44.73354543928787;10.314717535553125;0
174;44.73354543928787;10.321029756525196;0
175;44.73354543928787;10.327341977497266;0
176;44.73354543928787;10.333654198469336;0
177;44.73354543928787;10.339966419441406;0
178;44.73354543928787;10.346278640413477;0
179;44.73354543928787;10.352590861385547;0
180;44.73354543928787;10.358903082357617;0
181;44.73354543928787;10.365215303329688;1.0
182;44.73354543928787;10.371527524301758;1.0
183;44.73354543928787;10.377839745273828;0
184;44.73354543928787;10.384151966245899;0
185;44.73804481148644;10.257910973271626;0
186;44.73804481148644;10.264223683739;0
187;44.73804481148644;10.270536394206376;0
188;44.73804481148644;10.276849104673751;0
189;44.73804481148644;10.283161815141126;0
190;44.73804481148644;10.289474525608501;0
191;44.73804481148644;10.295787236075876;0
192;44.73804481148644;10.302099946543251;0
193;44.73804481148644;10.308412657010626;0
194;44.73804481148644;10.314725367478001;0
195;44.73804481148644;10.321038077945376;0
196;44.73804481148644;10.327350788412751;0
197;44.73804481148644;10.333663498880126;0
198;44.73804481148644;10.339976209347501;0
199;44.73804481148644;10.346288919814876;0
200;44.73804481148644;10.352601630282251;0
201;44.73804481148644;10.358914340749626;0
202;44.73804481148644;10.365227051217001;0
203;44.73804481148644;10.371539761684376;0
204;44.73804481148644;10.377852472151751;0
205;44.73804481148644;10.384165182619126;0
206;44.74254418012536;10.264227600619247;0
207;44.74254418012536;10.270540800696653;0
208;44.74254418012536;10.276854000774058;3.0
209;44.74254418012536;10.283167200851464;0
210;44.74254418012536;10.28948040092887;0
211;44.74254418012536;10.295793601006276;0
212;44.74254418012536;10.302106801083681;0
213;44.74254418012536;10.308420001161087;0
214;44.74254418012536;10.314733201238493;0
215;44.74254418012536;10.321046401315899;0
216;44.74254418012536;10.327359601393304;0
217;44.74254418012536;10.33367280147071;0
218;44.74254418012536;10.339986001548116;0
219;44.74254418012536;10.346299201625522;0
220;44.74254418012536;10.352612401702928;0
221;44.74254418012536;10.358925601780333;0
222;44.74254418012536;10.365238801857739;0
223;44.74254418012536;10.371552001935145;0
224;44.74254418012536;10.37786520201255;0
225;44.74254418012536;10.384178402089956;0
226;44.74254418012536;10.390491602167362;0
227;44.74254418012536;10.396804802244768;0
228;44.74254418012536;10.403118002322174;0
229;44.74254418012536;10.40943120239958;0
230;44.74254418012536;10.415744402476985;0
231;44.74254418012536;10.422057602554391;0
232;44.747043545204626;10.264231518417585;0
233;44.747043545204626;10.270545208219783;0
234;44.747043545204626;10.276858898021981;0
235;44.747043545204626;10.283172587824179;0
236;44.747043545204626;10.289486277626377;0
237;44.747043545204626;10.295799967428575;0
238;44.747043545204626;10.302113657230773;0
239;44.747043545204626;10.308427347032971;0
240;44.747043545204626;10.31474103683517;0
241;44.747043545204626;10.321054726637367;0
242;44.747043545204626;10.327368416439565;0
243;44.747043545204626;10.333682106241763;4.0
244;44.747043545204626;10.339995796043961;0
245;44.747043545204626;10.34630948584616;0
246;44.747043545204626;10.352623175648358;0
247;44.747043545204626;10.358936865450556;2.0
248;44.747043545204626;10.365250555252754;0
249;44.747043545204626;10.371564245054952;2.0
250;44.747043545204626;10.37787793485715;0
251;44.747043545204626;10.384191624659348;0
252;44.747043545204626;10.390505314461546;0
253;44.747043545204626;10.396819004263744;0
254;44.747043545204626;10.403132694065942;0
255;44.747043545204626;10.40944638386814;0
256;44.747043545204626;10.415760073670338;0
257;44.747043545204626;10.422073763472536;0
258;44.747043545204626;10.428387453274734;0
259;44.75154290672425;10.270549616776039;0
260;44.75154290672425;10.276863796417821;0
261;44.75154290672425;10.283177976059603;0
262;44.75154290672425;10.289492155701385;0
263;44.75154290672425;10.295806335343167;0
264;44.75154290672425;10.30212051498495;0
265;44.75154290672425;10.308434694626731;0
266;44.75154290672425;10.314748874268513;0
267;44.75154290672425;10.321063053910295;3.0
268;44.75154290672425;10.327377233552077;0
269;44.75154290672425;10.33369141319386;0
270;44.75154290672425;10.340005592835642;0
271;44.75154290672425;10.346319772477424;0
272;44.75154290672425;10.352633952119206;0
273;44.75154290672425;10.358948131760988;0
274;44.75154290672425;10.36526231140277;0
275;44.75154290672425;10.371576491044552;0
276;44.75154290672425;10.377890670686334;0
277;44.75154290672425;10.384204850328116;0
278;44.75154290672425;10.390519029969898;0
279;44.75154290672425;10.39683320961168;0
280;44.75154290672425;10.403147389253462;0
281;44.75154290672425;10.409461568895244;0
282;44.75154290672425;10.415775748537026;0
283;44.75154290672425;10.422089928178808;0
284;44.75154290672425;10.42840410782059;0
285;44.75604226468422;10.276868695961916;0
286;44.75604226468422;10.283183365558108;0
287;44.75604226468422;10.289498035154299;0
288;44.75604226468422;10.29581270475049;0
289;44.75604226468422;10.302127374346682;0
290;44.75604226468422;10.308442043942874;0
291;44.75604226468422;10.314756713539065;0
292;44.75604226468422;10.321071383135257;0
293;44.75604226468422;10.327386052731448;0
294;44.75604226468422;10.33370072232764;0
295;44.75604226468422;10.340015391923831;0
296;44.75604226468422;10.346330061520023;0
297;44.75604226468422;10.352644731116214;2.0
298;44.75604226468422;10.358959400712406;0
299;44.75604226468422;10.365274070308597;0
300;44.75604226468422;10.371588739904789;0
301;44.75604226468422;10.37790340950098;0
302;44.75604226468422;10.384218079097172;0
303;44.75604226468422;10.390532748693364;0
304;44.75604226468422;10.396847418289555;0
305;44.75604226468422;10.403162087885747;0
306;44.75604226468422;10.409476757481938;3.0
307;44.75604226468422;10.41579142707813;0
308;44.75604226468422;10.422106096674321;0
309;44.75604226468422;10.428420766270513;0
310;44.76054161908453;10.276873596654568;0
311;44.76054161908453;10.283188756320024;0
312;44.76054161908453;10.289503915985481;1.0
313;44.76054161908453;10.295819075650938;0
314;44.76054161908453;10.302134235316394;0
315;44.76054161908453;10.308449394981851;0
316;44.76054161908453;10.314764554647308;0
317;44.76054161908453;10.321079714312765;0
318;44.76054161908453;10.327394873978221;0
319;44.76054161908453;10.333710033643678;0
320;44.76054161908453;10.340025193309135;0
321;44.76054161908453;10.346340352974591;0
322;44.76054161908453;10.352655512640048;0
323;44.76054161908453;10.358970672305505;0
324;44.76054161908453;10.365285831970962;0
325;44.76054161908453;10.371600991636418;0
326;44.76054161908453;10.377916151301875;0
327;44.76054161908453;10.384231310967332;0
328;44.76054161908453;10.390546470632788;0
329;44.76054161908453;10.396861630298245;0
330;44.76054161908453;10.403176789963702;0
331;44.76054161908453;10.409491949629158;0
332;44.76054161908453;10.415807109294615;0
333;44.76054161908453;10.422122268960072;0
334;44.76054161908453;10.428437428625529;0
335;44.76504096992518;10.283194148345764;0
336;44.76504096992518;10.289509798195379;0
337;44.76504096992518;10.295825448044994;0
338;44.76504096992518;10.302141097894609;0
339;44.76504096992518;10.308456747744223;0.5
340;44.76504096992518;10.314772397593838;0
341;44.76504096992518;10.321088047443453;1.0
342;44.76504096992518;10.327403697293068;0
343;44.76504096992518;10.333719347142683;0
344;44.76504096992518;10.340034996992298;0
345;44.76504096992518;10.346350646841913;0
346;44.76504096992518;10.352666296691527;0
347;44.76504096992518;10.358981946541142;0
348;44.76504096992518;10.365297596390757;0
349;44.76504096992518;10.371613246240372;0
350;44.76504096992518;10.377928896089987;0
351;44.76504096992518;10.384244545939602;0
352;44.76504096992518;10.390560195789217;0
353;44.76504096992518;10.396875845638831;0
354;44.76504096992518;10.403191495488446;0
355;44.76504096992518;10.409507145338061;0
356;44.76504096992518;10.415822795187676;0
357;44.76504096992518;10.422138445037291;0
358;44.76504096992518;10.428454094886906;0
359;44.769540317206186;10.257934981040874;0
360;44.769540317206186;10.26425112118957;4.5
361;44.769540317206186;10.270567261338266;0
362;44.769540317206186;10.276883401486963;0
363;44.769540317206186;10.283199541635659;0
364;44.769540317206186;10.289515681784355;0
365;44.769540317206186;10.295831821933051;0
366;44.769540317206186;10.302147962081747;0
367;44.769540317206186;10.308464102230444;0
368;44.769540317206186;10.31478024237914;0
369;44.769540317206186;10.321096382527836;1.0
370;44.769540317206186;10.327412522676532;13.0
371;44.769540317206186;10.333728662825228;0
372;44.769540317206186;10.340044802973924;0
373;44.769540317206186;10.34636094312262;0
374;44.769540317206186;10.352677083271317;0
375;44.769540317206186;10.358993223420013;0
376;44.769540317206186;10.36530936356871;0
377;44.769540317206186;10.371625503717405;0
378;44.769540317206186;10.377941643866102;0
379;44.769540317206186;10.384257784014798;0
380;44.769540317206186;10.390573924163494;0
381;44.769540317206186;10.39689006431219;0
382;44.769540317206186;10.403206204460886;0
383;44.769540317206186;10.409522344609583;0
384;44.769540317206186;10.415838484758279;0
385;44.769540317206186;10.422154624906975;0
386;44.769540317206186;10.428470765055671;0
387;44.77403966092753;10.232671891688199;0
388;44.77403966092753;10.238988522250931;0
389;44.77403966092753;10.245305152813664;0
390;44.77403966092753;10.251621783376397;0
391;44.77403966092753;10.25793841393913;0
392;44.77403966092753;10.264255044501862;0
393;44.77403966092753;10.270571675064595;0
394;44.77403966092753;10.276888305627327;0
395;44.77403966092753;10.28320493619006;0
396;44.77403966092753;10.289521566752793;0
397;44.77403966092753;10.295838197315526;0
398;44.77403966092753;10.302154827878258;0
399;44.77403966092753;10.30847145844099;0
400;44.77403966092753;10.314788089003724;0
401;44.77403966092753;10.321104719566456;0
402;44.77403966092753;10.327421350129189;0
403;44.77403966092753;10.333737980691922;0
404;44.77403966092753;10.340054611254654;1.0
405;44.77403966092753;10.346371241817387;13.0
406;44.77403966092753;10.35268787238012;0
407;44.77403966092753;10.359004502942852;1.0
408;44.77403966092753;10.365321133505585;0
409;44.77403966092753;10.371637764068318;0
410;44.77403966092753;10.37795439463105;0
411;44.77403966092753;10.384271025193783;0
412;44.77403966092753;10.390587655756516;0
413;44.77403966092753;10.396904286319248;0
414;44.77403966092753;10.403220916881981;0
415;44.77403966092753;10.409537547444714;13.0
416;44.77403966092753;10.415854178007447;3.0
417;44.77403966092753;10.42217080857018;0
418;44.77403966092753;10.428487439132912;0
419;44.77853900108922;10.238990484367033;0
420;44.77853900108922;10.245307605458791;0
421;44.77853900108922;10.25162472655055;0
422;44.77853900108922;10.257941847642307;0
423;44.77853900108922;10.264258968734065;0
424;44.77853900108922;10.270576089825823;0
425;44.77853900108922;10.276893210917581;1.0
426;44.77853900108922;10.28321033200934;0
427;44.77853900108922;10.289527453101098;0
428;44.77853900108922;10.295844574192856;0
429;44.77853900108922;10.302161695284614;0
430;44.77853900108922;10.308478816376372;3.5
431;44.77853900108922;10.31479593746813;0
432;44.77853900108922;10.321113058559888;0
433;44.77853900108922;10.327430179651646;0
434;44.77853900108922;10.333747300743404;2.0
435;44.77853900108922;10.340064421835162;0
436;44.77853900108922;10.34638154292692;1.0
437;44.77853900108922;10.352698664018678;0
438;44.77853900108922;10.359015785110437;0
439;44.77853900108922;10.365332906202195;0
440;44.77853900108922;10.371650027293953;0
441;44.77853900108922;10.37796714838571;0
442;44.77853900108922;10.384284269477469;0
443;44.77853900108922;10.390601390569227;0
444;44.77853900108922;10.396918511660985;5.0
445;44.77853900108922;10.403235632752743;0
446;44.77853900108922;10.409552753844501;0
447;44.77853900108922;10.41586987493626;0
448;44.77853900108922;10.422186996028017;0
449;44.77853900108922;10.428504117119775;0
450;44.78303833769125;10.238992446943218;0
451;44.78303833769125;10.245310058679022;0
452;44.78303833769125;10.251627670414827;1.0
453;44.78303833769125;10.257945282150631;2.0
454;44.78303833769125;10.264262893886436;0
455;44.78303833769125;10.27058050562224;0
456;44.78303833769125;10.276898117358044;0
457;44.78303833769125;10.283215729093849;0
458;44.78303833769125;10.289533340829653;5.0
459;44.78303833769125;10.295850952565457;0
460;44.78303833769125;10.302168564301262;0
461;44.78303833769125;10.308486176037066;3.0
462;44.78303833769125;10.31480378777287;0
463;44.78303833769125;10.321121399508675;2.0
464;44.78303833769125;10.32743901124448;1.0
465;44.78303833769125;10.333756622980284;0
466;44.78303833769125;10.340074234716088;0
467;44.78303833769125;10.346391846451892;0
468;44.78303833769125;10.352709458187697;0
469;44.78303833769125;10.359027069923501;2.0
470;44.78303833769125;10.365344681659305;1.0
471;44.78303833769125;10.37166229339511;0
472;44.78303833769125;10.377979905130914;0
473;44.78303833769125;10.384297516866718;0
474;44.78303833769125;10.390615128602523;1.0
475;44.78303833769125;10.396932740338327;1.0
476;44.78303833769125;10.403250352074132;0
477;44.78303833769125;10.409567963809936;0
478;44.78303833769125;10.41588557554574;0
479;44.78303833769125;10.422203187281545;0
480;44.78753767073363;10.238994409979629;0
481;44.78753767073363;10.245312512474536;0
482;44.78753767073363;10.251630614969443;0
483;44.78753767073363;10.25794871746435;0
484;44.78753767073363;10.264266819959257;0
485;44.78753767073363;10.270584922454164;0
486;44.78753767073363;10.276903024949071;0
487;44.78753767073363;10.283221127443978;0
488;44.78753767073363;10.289539229938885;0
489;44.78753767073363;10.295857332433792;0
490;44.78753767073363;10.3021754349287;2.0
491;44.78753767073363;10.308493537423606;0
492;44.78753767073363;10.314811639918513;0
493;44.78753767073363;10.32112974241342;1.5
494;44.78753767073363;10.327447844908328;0
495;44.78753767073363;10.333765947403235;2.0
496;44.78753767073363;10.340084049898142;4.5
497;44.78753767073363;10.346402152393049;3.0
498;44.78753767073363;10.352720254887956;0
499;44.78753767073363;10.359038357382863;7.5
500;44.78753767073363;10.36535645987777;1.0
501;44.78753767073363;10.371674562372677;1.0
502;44.78753767073363;10.377992664867584;0
503;44.78753767073363;10.384310767362491;0
504;44.78753767073363;10.390628869857398;0
505;44.78753767073363;10.396946972352305;0
506;44.78753767073363;10.403265074847212;0
507;44.78753767073363;10.40958317734212;0
508;44.78753767073363;10.415901279837026;0
509;44.78753767073363;10.422219382331933;0
510;44.79203700021635;10.245314966845482;0
511;44.79203700021635;10.251633560214579;0
512;44.79203700021635;10.257952153583675;5.5
513;44.79203700021635;10.264270746952771;0
514;44.79203700021635;10.270589340321868;0
515;44.79203700021635;10.276907933690964;0
516;44.79203700021635;10.28322652706006;1.0
517;44.79203700021635;10.289545120429157;0
518;44.79203700021635;10.295863713798253;0
519;44.79203700021635;10.30218230716735;0
520;44.79203700021635;10.308500900536446;2.0
521;44.79203700021635;10.314819493905542;3.0
522;44.79203700021635;10.321138087274639;1.0
523;44.79203700021635;10.327456680643735;4.0
524;44.79203700021635;10.333775274012831;2.0
525;44.79203700021635;10.340093867381928;2.5
526;44.79203700021635;10.346412460751024;0
527;44.79203700021635;10.35273105412012;1.0
528;44.79203700021635;10.359049647489217;1.0
529;44.79203700021635;10.365368240858313;0
530;44.79203700021635;10.37168683422741;0
531;44.79203700021635;10.378005427596506;0
532;44.79203700021635;10.384324020965602;0
533;44.79203700021635;10.390642614334698;0
534;44.79203700021635;10.396961207703795;0
535;44.79203700021635;10.403279801072891;0
536;44.79203700021635;10.409598394441987;0
537;44.79203700021635;10.415916987811084;0
538;44.79203700021635;10.42223558118018;0
539;44.79653632613941;10.245317421792022;0
540;44.79653632613941;10.251636506150426;0
541;44.79653632613941;10.25795559050883;0
542;44.79653632613941;10.264274674867234;0
543;44.79653632613941;10.270593759225639;0
544;44.79653632613941;10.276912843584043;0
545;44.79653632613941;10.283231927942447;0
546;44.79653632613941;10.289551012300851;0
547;44.79653632613941;10.295870096659256;0
548;44.79653632613941;10.30218918101766;0
549;44.79653632613941;10.308508265376064;0
550;44.79653632613941;10.314827349734468;4.0
551;44.79653632613941;10.321146434092872;2.0
552;44.79653632613941;10.327465518451277;6.0
553;44.79653632613941;10.333784602809681;4.5
554;44.79653632613941;10.340103687168085;12.5
555;44.79653632613941;10.34642277152649;12.5
556;44.79653632613941;10.352741855884894;0
557;44.79653632613941;10.359060940243298;1.0
558;44.79653632613941;10.365380024601702;0
559;44.79653632613941;10.371699108960106;0
560;44.79653632613941;10.37801819331851;0
561;44.79653632613941;10.384337277676915;0
562;44.79653632613941;10.390656362035319;0
563;44.79653632613941;10.396975446393723;0
564;44.79653632613941;10.403294530752127;0
565;44.79653632613941;10.409613615110532;0
566;44.79653632613941;10.415932699468936;0
567;44.79653632613941;10.42225178382734;0
568;44.80103564850282;10.2326807263886;0
569;44.80103564850282;10.239000301851465;0
570;44.80103564850282;10.245319877314332;0
571;44.80103564850282;10.251639452777198;0
572;44.80103564850282;10.257959028240064;0
573;44.80103564850282;10.26427860370293;0
574;44.80103564850282;10.270598179165797;4.5
575;44.80103564850282;10.276917754628663;0
576;44.80103564850282;10.283237330091529;0
577;44.80103564850282;10.289556905554395;0
578;44.80103564850282;10.295876481017261;0
579;44.80103564850282;10.302196056480128;1.0
580;44.80103564850282;10.308515631942994;13.0
581;44.80103564850282;10.31483520740586;3.0
582;44.80103564850282;10.321154782868726;2.5
583;44.80103564850282;10.327474358331592;6.5
584;44.80103564850282;10.333793933794459;2.0
585;44.80103564850282;10.340113509257325;1.0
586;44.80103564850282;10.346433084720191;0
587;44.80103564850282;10.352752660183057;13.0
588;44.80103564850282;10.359072235645923;0
589;44.80103564850282;10.36539181110879;0
590;44.80103564850282;10.371711386571656;0
591;44.80103564850282;10.378030962034522;0
592;44.80103564850282;10.384350537497388;0
593;44.80103564850282;10.390670112960255;0
594;44.80103564850282;10.39698968842312;0
595;44.80103564850282;10.403309263885987;0
596;44.80103564850282;10.409628839348853;0
597;44.80103564850282;10.41594841481172;0
598;44.80103564850282;10.422267990274586;0
599;44.80103564850282;10.428587565737452;0
600;44.80103564850282;10.434907141200318;0
601;44.80553496730657;10.220042066682515;0
602;44.80553496730657;10.22636213336503;0
603;44.80553496730657;10.232682200047543;0
604;44.80553496730657;10.239002266730058;0
605;44.80553496730657;10.245322333412572;0
606;44.80553496730657;10.251642400095086;0
607;44.80553496730657;10.2579624667776;0
608;44.80553496730657;10.264282533460115;0
609;44.80553496730657;10.27060260014263;0
610;44.80553496730657;10.276922666825143;0
611;44.80553496730657;10.283242733507658;1.0
612;44.80553496730657;10.289562800190172;0
613;44.80553496730657;10.295882866872686;0
614;44.80553496730657;10.3022029335552;3.5
615;44.80553496730657;10.308523000237715;13.0
616;44.80553496730657;10.31484306692023;3.5
617;44.80553496730657;10.321163133602743;0
618;44.80553496730657;10.327483200285258;10.5
619;44.80553496730657;10.333803266967772;9.0
620;44.80553496730657;10.340123333650286;1.5
621;44.80553496730657;10.3464434003328;0.5
622;44.80553496730657;10.352763467015315;0
623;44.80553496730657;10.359083533697829;1.0
624;44.80553496730657;10.365403600380343;0
625;44.80553496730657;10.371723667062858;0
626;44.80553496730657;10.378043733745372;0
627;44.80553496730657;10.384363800427886;0
628;44.80553496730657;10.3906838671104;0
629;44.80553496730657;10.397003933792915;0
630;44.80553496730657;10.403324000475429;0
631;44.80553496730657;10.409644067157943;0
632;44.80553496730657;10.415964133840458;0
633;44.80553496730657;10.422284200522972;0
634;44.80553496730657;10.428604267205486;0
635;44.80553496730657;10.434924333888;0
636;44.80553496730657;10.441244400570515;0
637;44.81003428255065;10.220042558017381;0
638;44.81003428255065;10.226363116034761;0
639;44.81003428255065;10.232683674052142;0
640;44.81003428255065;10.239004232069522;0
641;44.81003428255065;10.245324790086903;0
642;44.81003428255065;10.251645348104283;0
643;44.81003428255065;10.257965906121663;0
644;44.81003428255065;10.264286464139044;1.0
645;44.81003428255065;10.270607022156424;0
646;44.81003428255065;10.276927580173805;0
647;44.81003428255065;10.283248138191185;3.5
648;44.81003428255065;10.289568696208566;0
649;44.81003428255065;10.295889254225946;0
650;44.81003428255065;10.302209812243326;0
651;44.81003428255065;10.308530370260707;3.0
652;44.81003428255065;10.314850928278087;6.0
653;44.81003428255065;10.321171486295468;11.0
654;44.81003428255065;10.327492044312848;9.5
655;44.81003428255065;10.333812602330228;13.0
656;44.81003428255065;10.340133160347609;2.0
657;44.81003428255065;10.34645371836499;7.5
658;44.81003428255065;10.35277427638237;1.0
659;44.81003428255065;10.35909483439975;1.0
660;44.81003428255065;10.36541539241713;0
661;44.81003428255065;10.37173595043451;0
662;44.81003428255065;10.378056508451891;0
663;44.81003428255065;10.384377066469272;0
664;44.81003428255065;10.390697624486652;0
665;44.81003428255065;10.397018182504032;0
666;44.81003428255065;10.403338740521413;0
667;44.81003428255065;10.409659298538793;0
668;44.81003428255065;10.415979856556174;0
669;44.81003428255065;10.422300414573554;0
670;44.81003428255065;10.428620972590934;0
671;44.81003428255065;10.434941530608315;0
672;44.81003428255065;10.441262088625695;0
673;44.81453359423508;10.220043049467497;0
674;44.81453359423508;10.226364098934994;0
675;44.81453359423508;10.23268514840249;0
676;44.81453359423508;10.239006197869987;0
677;44.81453359423508;10.245327247337483;0
678;44.81453359423508;10.25164829680498;0
679;44.81453359423508;10.257969346272477;0
680;44.81453359423508;10.264290395739973;0
681;44.81453359423508;10.27061144520747;0
682;44.81453359423508;10.276932494674966;0
683;44.81453359423508;10.283253544142463;0
684;44.81453359423508;10.28957459360996;0
685;44.81453359423508;10.295895643077456;0
686;44.81453359423508;10.302216692544953;1.0
687;44.81453359423508;10.308537742012449;0
688;44.81453359423508;10.314858791479946;0
689;44.81453359423508;10.321179840947442;10.5
690;44.81453359423508;10.327500890414939;3.0
691;44.81453359423508;10.333821939882435;10.0
692;44.81453359423508;10.340142989349932;0
693;44.81453359423508;10.346464038817428;0
694;44.81453359423508;10.352785088284925;0
695;44.81453359423508;10.359106137752422;0
696;44.81453359423508;10.365427187219918;1.0
697;44.81453359423508;10.371748236687415;0
698;44.81453359423508;10.378069286154911;0
699;44.81453359423508;10.384390335622408;0
700;44.81453359423508;10.390711385089904;0
701;44.81453359423508;10.397032434557401;0
702;44.81453359423508;10.403353484024898;0
703;44.81453359423508;10.409674533492394;0
704;44.81453359423508;10.41599558295989;13.0
705;44.81453359423508;10.422316632427387;0
706;44.81453359423508;10.428637681894884;0
707;44.81453359423508;10.43495873136238;2.0
708;44.81453359423508;10.441279780829877;0
709;44.819032902359844;10.220043541032899;0
710;44.819032902359844;10.226365082065797;0
711;44.819032902359844;10.232686623098695;0
712;44.819032902359844;10.239008164131594;13.0
713;44.819032902359844;10.245329705164492;0
714;44.819032902359844;10.25165124619739;2.0
715;44.819032902359844;10.257972787230289;0
716;44.819032902359844;10.264294328263187;5.0
717;44.819032902359844;10.270615869296085;0
718;44.819032902359844;10.276937410328983;0
719;44.819032902359844;10.283258951361882;0
720;44.819032902359844;10.28958049239478;0
721;44.819032902359844;10.295902033427678;0
722;44.819032902359844;10.302223574460577;0
723;44.819032902359844;10.308545115493475;0
724;44.819032902359844;10.314866656526373;0
725;44.819032902359844;10.321188197559271;0
726;44.819032902359844;10.32750973859217;0
727;44.819032902359844;10.333831279625068;0
728;44.819032902359844;10.340152820657966;0
729;44.819032902359844;10.346474361690865;0
730;44.819032902359844;10.352795902723763;0
731;44.819032902359844;10.359117443756661;0
732;44.819032902359844;10.36543898478956;0
733;44.819032902359844;10.371760525822458;0
734;44.819032902359844;10.378082066855356;0
735;44.819032902359844;10.384403607888254;0
736;44.819032902359844;10.390725148921153;0
737;44.819032902359844;10.39704668995405;0
738;44.819032902359844;10.403368230986949;0
739;44.819032902359844;10.409689772019847;0
740;44.819032902359844;10.416011313052746;0
741;44.819032902359844;10.422332854085644;0
742;44.819032902359844;10.428654395118542;0
743;44.819032902359844;10.43497593615144;0
744;44.819032902359844;10.441297477184339;0
745;44.82353220692495;10.220044032713618;0
746;44.82353220692495;10.226366065427236;0
747;44.82353220692495;10.232688098140853;0
748;44.82353220692495;10.23901013085447;0
749;44.82353220692495;10.245332163568088;0
750;44.82353220692495;10.251654196281706;0
751;44.82353220692495;10.257976228995323;0
752;44.82353220692495;10.26429826170894;0
753;44.82353220692495;10.270620294422558;2.5
754;44.82353220692495;10.276942327136176;0
755;44.82353220692495;10.283264359849793;0
756;44.82353220692495;10.289586392563411;0
757;44.82353220692495;10.295908425277029;0
758;44.82353220692495;10.302230457990646;0
759;44.82353220692495;10.308552490704264;1.5
760;44.82353220692495;10.314874523417881;1.5
761;44.82353220692495;10.321196556131499;0
762;44.82353220692495;10.327518588845116;0
763;44.82353220692495;10.333840621558734;0
764;44.82353220692495;10.340162654272351;2.0
765;44.82353220692495;10.346484686985969;0
766;44.82353220692495;10.352806719699586;1.0
767;44.82353220692495;10.359128752413204;0
768;44.82353220692495;10.365450785126821;0
769;44.82353220692495;10.371772817840439;0
770;44.82353220692495;10.378094850554056;0
771;44.82353220692495;10.384416883267674;0
772;44.82353220692495;10.390738915981292;0
773;44.82353220692495;10.397060948694909;0
774;44.82353220692495;10.403382981408527;0
775;44.82353220692495;10.409705014122144;0
776;44.82353220692495;10.416027046835762;1.0
777;44.82353220692495;10.42234907954938;0
778;44.82353220692495;10.428671112262997;0
779;44.82353220692495;10.434993144976614;0
780;44.82803150793041;10.226367049019377;0
781;44.82803150793041;10.232689573529065;0
782;44.82803150793041;10.239012098038753;0
783;44.82803150793041;10.245334622548441;0
784;44.82803150793041;10.251657147058129;0
785;44.82803150793041;10.257979671567817;0
786;44.82803150793041;10.264302196077505;0
787;44.82803150793041;10.270624720587193;0
788;44.82803150793041;10.276947245096881;0
789;44.82803150793041;10.28326976960657;0
790;44.82803150793041;10.289592294116257;0
791;44.82803150793041;10.295914818625945;0
792;44.82803150793041;10.302237343135634;0
793;44.82803150793041;10.308559867645322;1.0
794;44.82803150793041;10.31488239215501;0
795;44.82803150793041;10.321204916664698;0
796;44.82803150793041;10.327527441174386;0
797;44.82803150793041;10.333849965684074;0
798;44.82803150793041;10.340172490193762;2.0
799;44.82803150793041;10.34649501470345;0
800;44.82803150793041;10.352817539213138;0
801;44.82803150793041;10.359140063722826;1.0
802;44.82803150793041;10.365462588232514;0
803;44.82803150793041;10.371785112742202;0
804;44.82803150793041;10.37810763725189;0
805;44.82803150793041;10.384430161761578;0
806;44.82803150793041;10.390752686271266;1.0
807;44.82803150793041;10.397075210780955;4.0
808;44.82803150793041;10.403397735290643;0
809;44.82803150793041;10.40972025980033;0
810;44.82803150793041;10.416042784310019;0
811;44.82803150793041;10.422365308819707;0
812;44.8325308053762;10.22636803284228;0
813;44.8325308053762;10.23269104926342;0
814;44.8325308053762;10.239014065684561;0
815;44.8325308053762;10.245337082105701;1.0
816;44.8325308053762;10.251660098526841;0
817;44.8325308053762;10.257983114947981;1.0
818;44.8325308053762;10.264306131369121;1.0
819;44.8325308053762;10.270629147790261;0
820;44.8325308053762;10.276952164211401;0
821;44.8325308053762;10.283275180632542;0
822;44.8325308053762;10.289598197053682;0
823;44.8325308053762;10.295921213474822;0
824;44.8325308053762;10.302244229895962;0
825;44.8325308053762;10.308567246317102;2.0
826;44.8325308053762;10.314890262738242;0
827;44.8325308053762;10.321213279159382;0
828;44.8325308053762;10.327536295580522;0
829;44.8325308053762;10.333859312001662;4.0
830;44.8325308053762;10.340182328422802;0
831;44.8325308053762;10.346505344843942;3.5
832;44.8325308053762;10.352828361265082;0
833;44.8325308053762;10.359151377686223;0
834;44.8325308053762;10.365474394107363;0
835;44.8325308053762;10.371797410528503;0
836;44.8325308053762;10.378120426949643;1.0
837;44.8325308053762;10.384443443370783;0
838;44.8325308053762;10.390766459791923;0
839;44.8325308053762;10.397089476213063;0
840;44.8325308053762;10.403412492634203;0
841;44.8325308053762;10.409735509055343;0
842;44.8325308053762;10.416058525476483;0
843;44.83703009926235;10.226369016896015;0
844;44.83703009926235;10.232692525344023;0
845;44.83703009926235;10.23901603379203;0
846;44.83703009926235;10.245339542240037;0
847;44.83703009926235;10.251663050688045;0
848;44.83703009926235;10.257986559136052;0
849;44.83703009926235;10.26431006758406;0
850;44.83703009926235;10.270633576032067;0
851;44.83703009926235;10.276957084480074;1.0
852;44.83703009926235;10.283280592928081;0
853;44.83703009926235;10.289604101376089;0
854;44.83703009926235;10.295927609824096;0
855;44.83703009926235;10.302251118272103;0
856;44.83703009926235;10.30857462672011;0
857;44.83703009926235;10.314898135168118;0
858;44.83703009926235;10.321221643616125;0
859;44.83703009926235;10.327545152064133;0
860;44.83703009926235;10.33386866051214;0
861;44.83703009926235;10.340192168960147;0
862;44.83703009926235;10.346515677408155;0
863;44.83703009926235;10.352839185856162;0
864;44.83703009926235;10.35916269430417;0
865;44.83703009926235;10.365486202752177;0
866;44.83703009926235;10.371809711200184;0
867;44.83703009926235;10.378133219648191;0
868;44.83703009926235;10.384456728096199;0
869;44.83703009926235;10.390780236544206;0
870;44.83703009926235;10.397103744992213;0
871;44.83703009926235;10.40342725344022;0
872;44.83703009926235;10.409750761888228;0
873;44.84152938958883;10.226370001180651;0
874;44.84152938958883;10.232694001770977;0
875;44.84152938958883;10.239018002361302;0
876;44.84152938958883;10.245342002951627;0
877;44.84152938958883;10.251666003541953;0
878;44.84152938958883;10.257990004132278;0
879;44.84152938958883;10.264314004722603;0
880;44.84152938958883;10.270638005312929;0
881;44.84152938958883;10.276962005903254;0
882;44.84152938958883;10.28328600649358;0
883;44.84152938958883;10.289610007083905;0
884;44.84152938958883;10.29593400767423;1.0
885;44.84152938958883;10.302258008264555;0
886;44.84152938958883;10.30858200885488;0
887;44.84152938958883;10.314906009445206;0
888;44.84152938958883;10.321230010035531;0
889;44.84152938958883;10.327554010625857;0
890;44.84152938958883;10.333878011216182;0
891;44.84152938958883;10.340202011806507;0
892;44.84152938958883;10.346526012396833;0
893;44.84152938958883;10.352850012987158;0
894;44.84152938958883;10.359174013577483;0
895;44.84152938958883;10.365498014167809;0
896;44.84152938958883;10.371822014758134;7.0
897;44.84152938958883;10.37814601534846;0
898;44.84152938958883;10.384470015938785;0
899;44.84152938958883;10.39079401652911;0
900;44.84152938958883;10.397118017119436;0
901;44.84152938958883;10.40344201770976;0
902;44.84152938958883;10.409766018300086;0
903;44.84602867635565;10.232695478544374;2.0
904;44.84602867635565;10.239019971392498;0
905;44.84602867635565;10.245344464240622;0
906;44.84602867635565;10.251668957088746;0
907;44.84602867635565;10.25799344993687;0
908;44.84602867635565;10.264317942784995;2.0
909;44.84602867635565;10.27064243563312;0
910;44.84602867635565;10.276966928481244;0
911;44.84602867635565;10.283291421329368;0
912;44.84602867635565;10.289615914177492;0
913;44.84602867635565;10.295940407025617;1.0
914;44.84602867635565;10.302264899873741;0
915;44.84602867635565;10.308589392721865;0
916;44.84602867635565;10.31491388556999;0
917;44.84602867635565;10.321238378418114;0
918;44.84602867635565;10.327562871266238;0
919;44.84602867635565;10.333887364114362;0
920;44.84602867635565;10.340211856962487;0
921;44.84602867635565;10.346536349810611;2.0
922;44.84602867635565;10.352860842658735;0
923;44.84602867635565;10.35918533550686;0
924;44.84602867635565;10.365509828354984;0
925;44.84602867635565;10.371834321203108;0
926;44.84602867635565;10.378158814051233;0
927;44.84602867635565;10.384483306899357;0
928;44.84602867635565;10.390807799747481;0
929;44.84602867635565;10.397132292595606;0
930;44.84602867635565;10.40345678544373;0
931;44.84602867635565;10.409781278291854;0
932;44.85052795956281;10.232696955664315;0
933;44.85052795956281;10.239021940885753;0
934;44.85052795956281;10.24534692610719;0
935;44.85052795956281;10.251671911328629;0
936;44.85052795956281;10.257996896550067;0
937;44.85052795956281;10.264321881771505;0
938;44.85052795956281;10.270646866992942;0
939;44.85052795956281;10.27697185221438;0
940;44.85052795956281;10.283296837435818;0
941;44.85052795956281;10.289621822657256;0
942;44.85052795956281;10.295946807878694;0
943;44.85052795956281;10.302271793100132;0
944;44.85052795956281;10.30859677832157;0
945;44.85052795956281;10.314921763543008;0
946;44.85052795956281;10.321246748764446;0
947;44.85052795956281;10.327571733985884;0
948;44.85052795956281;10.333896719207322;0
949;44.85052795956281;10.34022170442876;0
950;44.85052795956281;10.346546689650198;0
951;44.85052795956281;10.352871674871636;0
952;44.85052795956281;10.359196660093074;0
953;44.85052795956281;10.365521645314512;0
954;44.85052795956281;10.37184663053595;0
955;44.85052795956281;10.378171615757388;0
956;44.85052795956281;10.384496600978826;0
957;44.85052795956281;10.390821586200264;0
958;44.85052795956281;10.397146571421702;0
959;44.85052795956281;10.40347155664314;0
960;44.85052795956281;10.409796541864578;0
961;44.85052795956281;10.416121527086016;0
962;44.85502723921032;10.232698433130901;0
963;44.85502723921032;10.239023910841201;0
964;44.85502723921032;10.245349388551501;0
965;44.85502723921032;10.251674866261801;0
966;44.85502723921032;10.258000343972101;0
967;44.85502723921032;10.264325821682402;0
968;44.85502723921032;10.270651299392702;0
969;44.85502723921032;10.276976777103002;1.0
970;44.85502723921032;10.283302254813302;0
971;44.85502723921032;10.289627732523602;0
972;44.85502723921032;10.295953210233902;0
973;44.85502723921032;10.302278687944202;0
974;44.85502723921032;10.308604165654502;4.0
975;44.85502723921032;10.314929643364803;0
976;44.85502723921032;10.321255121075103;0
977;44.85502723921032;10.327580598785403;0
978;44.85502723921032;10.333906076495703;0
979;44.85502723921032;10.340231554206003;0
980;44.85502723921032;10.346557031916303;0
981;44.85502723921032;10.352882509626603;0
982;44.85502723921032;10.359207987336903;0
983;44.85502723921032;10.365533465047204;0
984;44.85502723921032;10.371858942757504;0
985;44.85502723921032;10.378184420467804;0
986;44.85502723921032;10.384509898178104;0
987;44.85502723921032;10.390835375888404;0
988;44.85502723921032;10.397160853598704;0
989;44.85502723921032;10.403486331309004;0
990;44.85502723921032;10.409811809019304;0
991;44.85502723921032;10.416137286729604;0
992;44.85952651529818;10.232699910944229;0
993;44.85952651529818;10.239025881258971;0
994;44.85952651529818;10.245351851573714;0
995;44.85952651529818;10.251677821888457;0
996;44.85952651529818;10.2580037922032;0
997;44.85952651529818;10.264329762517942;0
998;44.85952651529818;10.270655732832685;0
999;44.85952651529818;10.276981703147428;0
1000;44.85952651529818;10.28330767346217;0
1001;44.85952651529818;10.289633643776913;0
1002;44.85952651529818;10.295959614091656;0
1003;44.85952651529818;10.302285584406398;0
1004;44.85952651529818;10.308611554721141;0
1005;44.85952651529818;10.314937525035884;0
1006;44.85952651529818;10.321263495350626;0
1007;44.85952651529818;10.327589465665369;0
1008;44.85952651529818;10.333915435980112;0
1009;44.85952651529818;10.340241406294854;0
1010;44.85952651529818;10.346567376609597;0
1011;44.85952651529818;10.35289334692434;0
1012;44.85952651529818;10.359219317239083;0
1013;44.85952651529818;10.365545287553825;0
1014;44.85952651529818;10.371871257868568;1.0
1015;44.85952651529818;10.37819722818331;0
1016;44.85952651529818;10.384523198498053;0
1017;44.85952651529818;10.390849168812796;0
1018;44.85952651529818;10.397175139127539;0
1019;44.85952651529818;10.403501109442281;0
1020;44.85952651529818;10.409827079757024;0
1021;44.85952651529818;10.416153050071767;0
1022;44.864025787826385;10.239027852139198;0
1023;44.864025787826385;10.245354315173998;0
1024;44.864025787826385;10.251680778208797;0
1025;44.864025787826385;10.258007241243597;0
1026;44.864025787826385;10.264333704278396;1.0
1027;44.864025787826385;10.270660167313196;0
1028;44.864025787826385;10.276986630347995;0
1029;44.864025787826385;10.283313093382795;0
1030;44.864025787826385;10.289639556417594;0
1031;44.864025787826385;10.295966019452393;0
1032;44.864025787826385;10.302292482487193;0
1033;44.864025787826385;10.308618945521992;0
1034;44.864025787826385;10.314945408556792;0
1035;44.864025787826385;10.321271871591591;0
1036;44.864025787826385;10.32759833462639;0
1037;44.864025787826385;10.33392479766119;0
1038;44.864025787826385;10.34025126069599;0
1039;44.864025787826385;10.346577723730789;3.5
1040;44.864025787826385;10.352904186765588;0
1041;44.864025787826385;10.359230649800388;0
1042;44.864025787826385;10.365557112835187;0
1043;44.864025787826385;10.371883575869987;0
1044;44.864025787826385;10.378210038904786;0
1045;44.864025787826385;10.384536501939586;0
1046;44.864025787826385;10.390862964974385;0
1047;44.864025787826385;10.397189428009185;0
1048;44.864025787826385;10.403515891043984;0
1049;44.864025787826385;10.409842354078783;0
1050;44.864025787826385;10.416168817113583;0
1051;44.86852505679493;10.239029823482017;0
1052;44.86852505679493;10.245356779352521;0
1053;44.86852505679493;10.251683735223025;0
1054;44.86852505679493;10.25801069109353;0
1055;44.86852505679493;10.264337646964034;0
1056;44.86852505679493;10.270664602834538;0
1057;44.86852505679493;10.276991558705042;0
1058;44.86852505679493;10.283318514575546;0
1059;44.86852505679493;10.28964547044605;0
1060;44.86852505679493;10.295972426316554;0
1061;44.86852505679493;10.302299382187059;0
1062;44.86852505679493;10.308626338057563;0
1063;44.86852505679493;10.314953293928067;0
1064;44.86852505679493;10.321280249798571;0
1065;44.86852505679493;10.327607205669075;0
1066;44.86852505679493;10.33393416153958;0
1067;44.86852505679493;10.340261117410083;0
1068;44.86852505679493;10.346588073280587;0
1069;44.86852505679493;10.352915029151092;0
1070;44.86852505679493;10.359241985021596;0
1071;44.86852505679493;10.3655689408921;3.0
1072;44.86852505679493;10.371895896762604;0
1073;44.86852505679493;10.378222852633108;0
1074;44.86852505679493;10.384549808503612;0
1075;44.86852505679493;10.390876764374116;0
1076;44.86852505679493;10.39720372024462;0
1077;44.86852505679493;10.403530676115125;0
1078;44.86852505679493;10.409857631985629;0
1079;44.86852505679493;10.416184587856133;0
1080;44.87302432220383;10.239031795287548;0
1081;44.87302432220383;10.245359244109435;0
1082;44.87302432220383;10.251686692931322;0
1083;44.87302432220383;10.25801414175321;0
1084;44.87302432220383;10.264341590575096;0
1085;44.87302432220383;10.270669039396983;0
1086;44.87302432220383;10.27699648821887;0
1087;44.87302432220383;10.283323937040757;0
1088;44.87302432220383;10.289651385862644;0
1089;44.87302432220383;10.295978834684531;0
1090;44.87302432220383;10.302306283506418;0
1091;44.87302432220383;10.308633732328305;1.0
1092;44.87302432220383;10.314961181150192;0
1093;44.87302432220383;10.321288629972079;0
1094;44.87302432220383;10.327616078793966;0
1095;44.87302432220383;10.333943527615853;0
1096;44.87302432220383;10.34027097643774;0
1097;44.87302432220383;10.346598425259627;0
1098;44.87302432220383;10.352925874081514;0
1099;44.87302432220383;10.3592533229034;0
1100;44.87302432220383;10.365580771725288;0
1101;44.87302432220383;10.371908220547175;0
1102;44.87302432220383;10.378235669369062;0
1103;44.87302432220383;10.384563118190949;0
1104;44.87302432220383;10.390890567012836;0
1105;44.87302432220383;10.397218015834722;0
1106;44.87302432220383;10.40354546465661;0
1107;44.87302432220383;10.409872913478496;0
1108;44.87302432220383;10.416200362300383;0
1109;44.87752358405309;10.251689651333912;1.0
1110;44.87752358405309;10.258017593222897;2.0
1111;44.87752358405309;10.264345535111882;0
1112;44.87752358405309;10.270673477000868;0
1113;44.87752358405309;10.277001418889853;0
1114;44.87752358405309;10.283329360778838;0
1115;44.87752358405309;10.289657302667823;0
1116;44.87752358405309;10.295985244556809;0
1117;44.87752358405309;10.302313186445794;0
1118;44.87752358405309;10.308641128334779;0
1119;44.87752358405309;10.314969070223764;0
1120;44.87752358405309;10.32129701211275;2.0
1121;44.87752358405309;10.327624954001735;0
1122;44.87752358405309;10.33395289589072;0
1123;44.87752358405309;10.340280837779705;0
1124;44.87752358405309;10.34660877966869;0
1125;44.87752358405309;10.384576431002602;0
1126;44.87752358405309;10.390904372891587;0
1127;44.87752358405309;10.397232314780572;0
1128;44.87752358405309;10.403560256669557;0
1129;44.87752358405309;10.409888198558543;0
1130;44.87752358405309;10.416216140447528;0
1131;44.882022842342685;10.277006350718274;0
1132;44.882022842342685;10.283334785790101;0
1133;44.882022842342685;10.289663220861929;0
1134;44.882022842342685;10.295991655933756;0
1135;44.882022842342685;10.302320091005583;0
1136;44.882022842342685;10.30864852607741;0
1137;44.882022842342685;10.314976961149238;0
1138;44.882022842342685;10.321305396221065;0
1139;44.882022842342685;10.327633831292893;0
1140;44.88652209707264;10.27701128370449;0
1141;44.88652209707264;10.283340212074938;0
1142;44.88652209707264;10.289669140445387;0
1143;44.88652209707264;10.295998068815836;0
1144;44.88652209707264;10.302326997186285;0
1145;44.88652209707264;10.308655925556733;0
1146;44.89102134824295;10.283345639633719;0
1147;44.89102134824295;10.289675061418603;0
1148;44.89102134824295;10.296004483203486;0
1149;44.89552059585362;10.289680983781981;0
1150;44.900019839904644;10.289686907535863;0
